payment_id,student_id,month,amount_due,amount_paid,payment_status,outstanding_amount
1,1,2025-06-01,3400,3400.0,Paid,0.0
2,1,2025-07-01,3400,2054.2,Partial,1345.8000000000002
3,1,2025-08-01,3400,3400.0,Paid,0.0
4,1,2025-09-01,3400,3400.0,Paid,0.0
5,1,2025-10-01,3400,3400.0,Paid,0.0
6,1,2025-11-01,3400,3400.0,Paid,0.0
7,1,2025-12-01,3400,3400.0,Paid,0.0
8,2,2025-01-01,3000,3000.0,Paid,0.0
9,2,2025-02-01,3000,3000.0,Paid,0.0
10,2,2025-03-01,3000,3000.0,Paid,0.0
11,2,2025-04-01,3000,3000.0,Paid,0.0
12,2,2025-05-01,3000,0.0,Pending,3000.0
13,2,2025-06-01,3000,0.0,Pending,3000.0
14,2,2025-07-01,3000,3000.0,Paid,0.0
15,2,2025-08-01,3000,3000.0,Paid,0.0
16,2,2025-09-01,3000,3000.0,Paid,0.0
17,2,2025-10-01,3000,3000.0,Paid,0.0
18,2,2025-11-01,3000,3000.0,Paid,0.0
19,2,2025-12-01,3000,0.0,Pending,3000.0
20,3,2025-10-01,3000,3000.0,Paid,0.0
21,3,2025-11-01,3000,3000.0,Paid,0.0
22,3,2025-12-01,3000,3000.0,Paid,0.0
23,4,2025-06-01,3200,3200.0,Paid,0.0
24,4,2025-07-01,3200,2046.95,Partial,1153.05
25,4,2025-08-01,3200,3200.0,Paid,0.0
26,4,2025-09-01,3200,3200.0,Paid,0.0
27,4,2025-10-01,3200,1849.99,Partial,1350.01
28,4,2025-11-01,3200,3200.0,Paid,0.0
29,4,2025-12-01,3200,3200.0,Paid,0.0
30,5,2025-03-01,3200,3200.0,Paid,0.0
31,5,2025-04-01,3200,3200.0,Paid,0.0
32,5,2025-05-01,3200,0.0,Pending,3200.0
33,5,2025-06-01,3200,3200.0,Paid,0.0
34,5,2025-07-01,3200,3200.0,Paid,0.0
35,5,2025-08-01,3200,3200.0,Paid,0.0
36,5,2025-09-01,3200,0.0,Pending,3200.0
37,5,2025-10-01,3200,3200.0,Paid,0.0
38,5,2025-11-01,3200,0.0,Pending,3200.0
39,5,2025-12-01,3200,3200.0,Paid,0.0
40,6,2025-01-01,3200,3200.0,Paid,0.0
41,6,2025-02-01,3200,3200.0,Paid,0.0
42,6,2025-03-01,3200,2148.68,Partial,1051.3200000000002
43,6,2025-04-01,3200,3200.0,Paid,0.0
44,6,2025-05-01,3200,1769.31,Partial,1430.69
45,6,2025-06-01,3200,0.0,Pending,3200.0
46,6,2025-07-01,3200,3200.0,Paid,0.0
47,6,2025-08-01,3200,3200.0,Paid,0.0
48,6,2025-09-01,3200,3200.0,Paid,0.0
49,6,2025-10-01,3200,3200.0,Paid,0.0
50,6,2025-11-01,3200,3200.0,Paid,0.0
51,6,2025-12-01,3200,3200.0,Paid,0.0
52,7,2025-09-01,2800,2800.0,Paid,0.0
53,7,2025-10-01,2800,2800.0,Paid,0.0
54,7,2025-11-01,2800,2800.0,Paid,0.0
55,7,2025-12-01,2800,2800.0,Paid,0.0
56,8,2025-02-01,3200,3200.0,Paid,0.0
57,8,2025-03-01,3200,0.0,Pending,3200.0
58,8,2025-04-01,3200,3200.0,Paid,0.0
59,8,2025-05-01,3200,3200.0,Paid,0.0
60,8,2025-06-01,3200,2249.54,Partial,950.46
61,8,2025-07-01,3200,3200.0,Paid,0.0
62,8,2025-08-01,3200,3200.0,Paid,0.0
63,8,2025-09-01,3200,3200.0,Paid,0.0
64,8,2025-10-01,3200,3200.0,Paid,0.0
65,8,2025-11-01,3200,3200.0,Paid,0.0
66,8,2025-12-01,3200,0.0,Pending,3200.0
67,10,2025-08-01,3000,3000.0,Paid,0.0
68,10,2025-09-01,3000,3000.0,Paid,0.0
69,10,2025-10-01,3000,2117.65,Partial,882.3499999999999
70,10,2025-11-01,3000,3000.0,Paid,0.0
71,10,2025-12-01,3000,1090.77,Partial,1909.23
72,11,2025-03-01,3400,3400.0,Paid,0.0
73,11,2025-04-01,3400,3400.0,Paid,0.0
74,11,2025-05-01,3400,3400.0,Paid,0.0
75,11,2025-06-01,3400,1514.79,Partial,1885.21
76,11,2025-07-01,3400,2328.73,Partial,1071.27
77,11,2025-08-01,3400,3400.0,Paid,0.0
78,11,2025-09-01,3400,3400.0,Paid,0.0
79,11,2025-10-01,3400,0.0,Pending,3400.0
80,11,2025-11-01,3400,3400.0,Paid,0.0
81,11,2025-12-01,3400,1405.42,Partial,1994.58
82,12,2025-01-01,3000,3000.0,Paid,0.0
83,12,2025-02-01,3000,3000.0,Paid,0.0
84,12,2025-03-01,3000,3000.0,Paid,0.0
85,12,2025-04-01,3000,3000.0,Paid,0.0
86,12,2025-05-01,3000,3000.0,Paid,0.0
87,12,2025-06-01,3000,3000.0,Paid,0.0
88,12,2025-07-01,3000,3000.0,Paid,0.0
89,12,2025-08-01,3000,3000.0,Paid,0.0
90,12,2025-09-01,3000,3000.0,Paid,0.0
91,12,2025-10-01,3000,3000.0,Paid,0.0
92,12,2025-11-01,3000,0.0,Pending,3000.0
93,12,2025-12-01,3000,3000.0,Paid,0.0
94,14,2025-01-01,3200,0.0,Pending,3200.0
95,14,2025-02-01,3200,3200.0,Paid,0.0
96,14,2025-03-01,3200,3200.0,Paid,0.0
97,14,2025-04-01,3200,3200.0,Paid,0.0
98,14,2025-05-01,3200,3200.0,Paid,0.0
99,14,2025-06-01,3200,3200.0,Paid,0.0
100,14,2025-07-01,3200,3200.0,Paid,0.0
101,14,2025-08-01,3200,3200.0,Paid,0.0
102,14,2025-09-01,3200,3200.0,Paid,0.0
103,14,2025-10-01,3200,3200.0,Paid,0.0
104,14,2025-11-01,3200,3200.0,Paid,0.0
105,14,2025-12-01,3200,3200.0,Paid,0.0
106,15,2025-01-01,3000,3000.0,Paid,0.0
107,15,2025-02-01,3000,1330.57,Partial,1669.43
108,15,2025-03-01,3000,3000.0,Paid,0.0
109,15,2025-04-01,3000,3000.0,Paid,0.0
110,15,2025-05-01,3000,3000.0,Paid,0.0
111,15,2025-06-01,3000,0.0,Pending,3000.0
112,15,2025-07-01,3000,3000.0,Paid,0.0
113,15,2025-08-01,3000,3000.0,Paid,0.0
114,15,2025-09-01,3000,1881.04,Partial,1118.96
115,15,2025-10-01,3000,3000.0,Paid,0.0
116,15,2025-11-01,3000,3000.0,Paid,0.0
117,15,2025-12-01,3000,3000.0,Paid,0.0
118,17,2025-05-01,3200,3200.0,Paid,0.0
119,17,2025-06-01,3200,0.0,Pending,3200.0
120,17,2025-07-01,3200,3200.0,Paid,0.0
121,17,2025-08-01,3200,3200.0,Paid,0.0
122,17,2025-09-01,3200,3200.0,Paid,0.0
123,17,2025-10-01,3200,3200.0,Paid,0.0
124,17,2025-11-01,3200,3200.0,Paid,0.0
125,17,2025-12-01,3200,3200.0,Paid,0.0
126,18,2025-01-01,3000,3000.0,Paid,0.0
127,18,2025-02-01,3000,1065.69,Partial,1934.31
128,18,2025-03-01,3000,3000.0,Paid,0.0
129,18,2025-04-01,3000,0.0,Pending,3000.0
130,18,2025-05-01,3000,3000.0,Paid,0.0
131,18,2025-06-01,3000,3000.0,Paid,0.0
132,18,2025-07-01,3000,3000.0,Paid,0.0
133,18,2025-08-01,3000,0.0,Pending,3000.0
134,18,2025-09-01,3000,3000.0,Paid,0.0
135,18,2025-10-01,3000,3000.0,Paid,0.0
136,18,2025-11-01,3000,3000.0,Paid,0.0
137,18,2025-12-01,3000,0.0,Pending,3000.0
138,19,2025-10-01,3000,3000.0,Paid,0.0
139,19,2025-11-01,3000,3000.0,Paid,0.0
140,19,2025-12-01,3000,3000.0,Paid,0.0
141,20,2025-01-01,3000,0.0,Pending,3000.0
142,20,2025-02-01,3000,0.0,Pending,3000.0
143,20,2025-03-01,3000,0.0,Pending,3000.0
144,20,2025-04-01,3000,3000.0,Paid,0.0
145,20,2025-05-01,3000,3000.0,Paid,0.0
146,20,2025-06-01,3000,3000.0,Paid,0.0
147,20,2025-07-01,3000,3000.0,Paid,0.0
148,20,2025-08-01,3000,3000.0,Paid,0.0
149,20,2025-09-01,3000,3000.0,Paid,0.0
150,20,2025-10-01,3000,0.0,Pending,3000.0
151,20,2025-11-01,3000,3000.0,Paid,0.0
152,20,2025-12-01,3000,1395.21,Partial,1604.79
153,21,2025-01-01,3000,3000.0,Paid,0.0
154,21,2025-02-01,3000,3000.0,Paid,0.0
155,21,2025-03-01,3000,3000.0,Paid,0.0
156,21,2025-04-01,3000,3000.0,Paid,0.0
157,21,2025-05-01,3000,3000.0,Paid,0.0
158,21,2025-06-01,3000,3000.0,Paid,0.0
159,21,2025-07-01,3000,3000.0,Paid,0.0
160,21,2025-08-01,3000,3000.0,Paid,0.0
161,21,2025-09-01,3000,3000.0,Paid,0.0
162,21,2025-10-01,3000,3000.0,Paid,0.0
163,21,2025-11-01,3000,3000.0,Paid,0.0
164,21,2025-12-01,3000,3000.0,Paid,0.0
165,22,2025-09-01,3000,3000.0,Paid,0.0
166,22,2025-10-01,3000,3000.0,Paid,0.0
167,22,2025-11-01,3000,3000.0,Paid,0.0
168,22,2025-12-01,3000,1953.07,Partial,1046.93
169,24,2025-10-01,3000,3000.0,Paid,0.0
170,24,2025-11-01,3000,3000.0,Paid,0.0
171,24,2025-12-01,3000,3000.0,Paid,0.0
172,25,2025-07-01,3200,3200.0,Paid,0.0
173,25,2025-08-01,3200,0.0,Pending,3200.0
174,25,2025-09-01,3200,3200.0,Paid,0.0
175,25,2025-10-01,3200,0.0,Pending,3200.0
176,25,2025-11-01,3200,3200.0,Paid,0.0
177,25,2025-12-01,3200,3200.0,Paid,0.0
178,26,2025-01-01,3200,3200.0,Paid,0.0
179,26,2025-02-01,3200,3200.0,Paid,0.0
180,26,2025-03-01,3200,3200.0,Paid,0.0
181,26,2025-04-01,3200,3200.0,Paid,0.0
182,26,2025-05-01,3200,0.0,Pending,3200.0
183,26,2025-06-01,3200,1183.01,Partial,2016.99
184,26,2025-07-01,3200,3200.0,Paid,0.0
185,26,2025-08-01,3200,3200.0,Paid,0.0
186,26,2025-09-01,3200,3200.0,Paid,0.0
187,26,2025-10-01,3200,0.0,Pending,3200.0
188,26,2025-11-01,3200,3200.0,Paid,0.0
189,26,2025-12-01,3200,3200.0,Paid,0.0
190,27,2025-05-01,3000,0.0,Pending,3000.0
191,27,2025-06-01,3000,3000.0,Paid,0.0
192,27,2025-07-01,3000,3000.0,Paid,0.0
193,27,2025-08-01,3000,3000.0,Paid,0.0
194,27,2025-09-01,3000,3000.0,Paid,0.0
195,27,2025-10-01,3000,3000.0,Paid,0.0
196,27,2025-11-01,3000,3000.0,Paid,0.0
197,27,2025-12-01,3000,3000.0,Paid,0.0
198,28,2025-03-01,2800,2800.0,Paid,0.0
199,28,2025-04-01,2800,2800.0,Paid,0.0
200,28,2025-05-01,2800,2800.0,Paid,0.0
201,28,2025-06-01,2800,2800.0,Paid,0.0
202,28,2025-07-01,2800,2096.35,Partial,703.6500000000001
203,28,2025-08-01,2800,2800.0,Paid,0.0
204,28,2025-09-01,2800,1356.03,Partial,1443.97
205,28,2025-10-01,2800,2800.0,Paid,0.0
206,28,2025-11-01,2800,0.0,Pending,2800.0
207,28,2025-12-01,2800,2800.0,Paid,0.0
208,29,2025-01-01,3000,3000.0,Paid,0.0
209,29,2025-02-01,3000,1158.79,Partial,1841.21
210,29,2025-03-01,3000,3000.0,Paid,0.0
211,29,2025-04-01,3000,3000.0,Paid,0.0
212,29,2025-05-01,3000,3000.0,Paid,0.0
213,29,2025-06-01,3000,3000.0,Paid,0.0
214,29,2025-07-01,3000,3000.0,Paid,0.0
215,29,2025-08-01,3000,3000.0,Paid,0.0
216,29,2025-09-01,3000,3000.0,Paid,0.0
217,29,2025-10-01,3000,3000.0,Paid,0.0
218,29,2025-11-01,3000,3000.0,Paid,0.0
219,29,2025-12-01,3000,1667.54,Partial,1332.46
220,30,2025-01-01,3200,3200.0,Paid,0.0
221,30,2025-02-01,3200,3200.0,Paid,0.0
222,30,2025-03-01,3200,0.0,Pending,3200.0
223,30,2025-04-01,3200,3200.0,Paid,0.0
224,30,2025-05-01,3200,0.0,Pending,3200.0
225,30,2025-06-01,3200,3200.0,Paid,0.0
226,30,2025-07-01,3200,3200.0,Paid,0.0
227,30,2025-08-01,3200,1166.14,Partial,2033.86
228,30,2025-09-01,3200,3200.0,Paid,0.0
229,30,2025-10-01,3200,3200.0,Paid,0.0
230,30,2025-11-01,3200,3200.0,Paid,0.0
231,30,2025-12-01,3200,3200.0,Paid,0.0
232,31,2025-08-01,2800,2800.0,Paid,0.0
233,31,2025-09-01,2800,2800.0,Paid,0.0
234,31,2025-10-01,2800,2800.0,Paid,0.0
235,31,2025-11-01,2800,2800.0,Paid,0.0
236,31,2025-12-01,2800,2800.0,Paid,0.0
237,34,2025-02-01,3000,0.0,Pending,3000.0
238,34,2025-03-01,3000,3000.0,Paid,0.0
239,34,2025-04-01,3000,3000.0,Paid,0.0
240,34,2025-05-01,3000,3000.0,Paid,0.0
241,34,2025-06-01,3000,1464.7,Partial,1535.3
242,34,2025-07-01,3000,3000.0,Paid,0.0
243,34,2025-08-01,3000,3000.0,Paid,0.0
244,34,2025-09-01,3000,2241.85,Partial,758.1500000000001
245,34,2025-10-01,3000,3000.0,Paid,0.0
246,34,2025-11-01,3000,3000.0,Paid,0.0
247,34,2025-12-01,3000,3000.0,Paid,0.0
248,35,2025-01-01,3000,3000.0,Paid,0.0
249,35,2025-02-01,3000,3000.0,Paid,0.0
250,35,2025-03-01,3000,3000.0,Paid,0.0
251,35,2025-04-01,3000,3000.0,Paid,0.0
252,35,2025-05-01,3000,3000.0,Paid,0.0
253,35,2025-06-01,3000,3000.0,Paid,0.0
254,35,2025-07-01,3000,3000.0,Paid,0.0
255,35,2025-08-01,3000,3000.0,Paid,0.0
256,35,2025-09-01,3000,3000.0,Paid,0.0
257,35,2025-10-01,3000,3000.0,Paid,0.0
258,35,2025-11-01,3000,3000.0,Paid,0.0
259,35,2025-12-01,3000,3000.0,Paid,0.0
260,36,2025-01-01,2800,2800.0,Paid,0.0
261,36,2025-02-01,2800,2800.0,Paid,0.0
262,36,2025-03-01,2800,2800.0,Paid,0.0
263,36,2025-04-01,2800,2800.0,Paid,0.0
264,36,2025-05-01,2800,2800.0,Paid,0.0
265,36,2025-06-01,2800,2800.0,Paid,0.0
266,36,2025-07-01,2800,2800.0,Paid,0.0
267,36,2025-08-01,2800,2800.0,Paid,0.0
268,36,2025-09-01,2800,2800.0,Paid,0.0
269,36,2025-10-01,2800,2800.0,Paid,0.0
270,36,2025-11-01,2800,2800.0,Paid,0.0
271,36,2025-12-01,2800,0.0,Pending,2800.0
272,37,2025-01-01,3000,3000.0,Paid,0.0
273,37,2025-02-01,3000,3000.0,Paid,0.0
274,37,2025-03-01,3000,3000.0,Paid,0.0
275,37,2025-04-01,3000,3000.0,Paid,0.0
276,37,2025-05-01,3000,3000.0,Paid,0.0
277,37,2025-06-01,3000,3000.0,Paid,0.0
278,37,2025-07-01,3000,3000.0,Paid,0.0
279,37,2025-08-01,3000,3000.0,Paid,0.0
280,37,2025-09-01,3000,3000.0,Paid,0.0
281,37,2025-10-01,3000,3000.0,Paid,0.0
282,37,2025-11-01,3000,0.0,Pending,3000.0
283,37,2025-12-01,3000,3000.0,Paid,0.0
284,38,2025-03-01,3000,3000.0,Paid,0.0
285,38,2025-04-01,3000,3000.0,Paid,0.0
286,38,2025-05-01,3000,3000.0,Paid,0.0
287,38,2025-06-01,3000,3000.0,Paid,0.0
288,38,2025-07-01,3000,3000.0,Paid,0.0
289,38,2025-08-01,3000,1335.27,Partial,1664.73
290,38,2025-09-01,3000,3000.0,Paid,0.0
291,38,2025-10-01,3000,3000.0,Paid,0.0
292,38,2025-11-01,3000,3000.0,Paid,0.0
293,38,2025-12-01,3000,3000.0,Paid,0.0
294,39,2025-04-01,3200,0.0,Pending,3200.0
295,39,2025-05-01,3200,3200.0,Paid,0.0
296,39,2025-06-01,3200,3200.0,Paid,0.0
297,39,2025-07-01,3200,3200.0,Paid,0.0
298,39,2025-08-01,3200,3200.0,Paid,0.0
299,39,2025-09-01,3200,3200.0,Paid,0.0
300,39,2025-10-01,3200,3200.0,Paid,0.0
301,39,2025-11-01,3200,3200.0,Paid,0.0
302,39,2025-12-01,3200,3200.0,Paid,0.0
303,40,2025-10-01,2800,2800.0,Paid,0.0
304,40,2025-11-01,2800,2800.0,Paid,0.0
305,40,2025-12-01,2800,2800.0,Paid,0.0
306,41,2025-01-01,3000,3000.0,Paid,0.0
307,41,2025-02-01,3000,3000.0,Paid,0.0
308,41,2025-03-01,3000,1610.24,Partial,1389.76
309,41,2025-04-01,3000,3000.0,Paid,0.0
310,41,2025-05-01,3000,3000.0,Paid,0.0
311,41,2025-06-01,3000,3000.0,Paid,0.0
312,41,2025-07-01,3000,3000.0,Paid,0.0
313,41,2025-08-01,3000,3000.0,Paid,0.0
314,41,2025-09-01,3000,0.0,Pending,3000.0
315,41,2025-10-01,3000,3000.0,Paid,0.0
316,41,2025-11-01,3000,3000.0,Paid,0.0
317,41,2025-12-01,3000,0.0,Pending,3000.0
318,42,2025-03-01,3000,3000.0,Paid,0.0
319,42,2025-04-01,3000,3000.0,Paid,0.0
320,42,2025-05-01,3000,3000.0,Paid,0.0
321,42,2025-06-01,3000,0.0,Pending,3000.0
322,42,2025-07-01,3000,3000.0,Paid,0.0
323,42,2025-08-01,3000,0.0,Pending,3000.0
324,42,2025-09-01,3000,3000.0,Paid,0.0
325,42,2025-10-01,3000,3000.0,Paid,0.0
326,42,2025-11-01,3000,3000.0,Paid,0.0
327,42,2025-12-01,3000,1306.01,Partial,1693.99
328,43,2025-03-01,3200,3200.0,Paid,0.0
329,43,2025-04-01,3200,3200.0,Paid,0.0
330,43,2025-05-01,3200,3200.0,Paid,0.0
331,43,2025-06-01,3200,3200.0,Paid,0.0
332,43,2025-07-01,3200,3200.0,Paid,0.0
333,43,2025-08-01,3200,3200.0,Paid,0.0
334,43,2025-09-01,3200,3200.0,Paid,0.0
335,43,2025-10-01,3200,3200.0,Paid,0.0
336,43,2025-11-01,3200,3200.0,Paid,0.0
337,43,2025-12-01,3200,3200.0,Paid,0.0
338,45,2025-08-01,3000,3000.0,Paid,0.0
339,45,2025-09-01,3000,3000.0,Paid,0.0
340,45,2025-10-01,3000,3000.0,Paid,0.0
341,45,2025-11-01,3000,3000.0,Paid,0.0
342,45,2025-12-01,3000,3000.0,Paid,0.0
343,46,2025-08-01,2800,2800.0,Paid,0.0
344,46,2025-09-01,2800,2800.0,Paid,0.0
345,46,2025-10-01,2800,2800.0,Paid,0.0
346,46,2025-11-01,2800,2800.0,Paid,0.0
347,46,2025-12-01,2800,1655.28,Partial,1144.72
348,47,2025-09-01,3200,2332.33,Partial,867.6700000000001
349,47,2025-10-01,3200,3200.0,Paid,0.0
350,47,2025-11-01,3200,0.0,Pending,3200.0
351,47,2025-12-01,3200,1976.13,Partial,1223.87
352,48,2025-09-01,3000,3000.0,Paid,0.0
353,48,2025-10-01,3000,3000.0,Paid,0.0
354,48,2025-11-01,3000,3000.0,Paid,0.0
355,48,2025-12-01,3000,3000.0,Paid,0.0
356,49,2025-01-01,3400,3400.0,Paid,0.0
357,49,2025-02-01,3400,3400.0,Paid,0.0
358,49,2025-03-01,3400,3400.0,Paid,0.0
359,49,2025-04-01,3400,3400.0,Paid,0.0
360,49,2025-05-01,3400,3400.0,Paid,0.0
361,49,2025-06-01,3400,3400.0,Paid,0.0
362,49,2025-07-01,3400,3400.0,Paid,0.0
363,49,2025-08-01,3400,3400.0,Paid,0.0
364,49,2025-09-01,3400,3400.0,Paid,0.0
365,49,2025-10-01,3400,1559.35,Partial,1840.65
366,49,2025-11-01,3400,0.0,Pending,3400.0
367,49,2025-12-01,3400,3400.0,Paid,0.0
368,50,2025-05-01,2800,2800.0,Paid,0.0
369,50,2025-06-01,2800,0.0,Pending,2800.0
370,50,2025-07-01,2800,2800.0,Paid,0.0
371,50,2025-08-01,2800,2800.0,Paid,0.0
372,50,2025-09-01,2800,1732.47,Partial,1067.53
373,50,2025-10-01,2800,2800.0,Paid,0.0
374,50,2025-11-01,2800,0.0,Pending,2800.0
375,50,2025-12-01,2800,2800.0,Paid,0.0
376,51,2025-02-01,3200,3200.0,Paid,0.0
377,51,2025-03-01,3200,3200.0,Paid,0.0
378,51,2025-04-01,3200,0.0,Pending,3200.0
379,51,2025-05-01,3200,3200.0,Paid,0.0
380,51,2025-06-01,3200,3200.0,Paid,0.0
381,51,2025-07-01,3200,3200.0,Paid,0.0
382,51,2025-08-01,3200,3200.0,Paid,0.0
383,51,2025-09-01,3200,1182.24,Partial,2017.76
384,51,2025-10-01,3200,1751.32,Partial,1448.68
385,51,2025-11-01,3200,3200.0,Paid,0.0
386,51,2025-12-01,3200,3200.0,Paid,0.0
387,52,2025-04-01,2800,2800.0,Paid,0.0
388,52,2025-05-01,2800,2800.0,Paid,0.0
389,52,2025-06-01,2800,2800.0,Paid,0.0
390,52,2025-07-01,2800,2800.0,Paid,0.0
391,52,2025-08-01,2800,2800.0,Paid,0.0
392,52,2025-09-01,2800,2800.0,Paid,0.0
393,52,2025-10-01,2800,0.0,Pending,2800.0
394,52,2025-11-01,2800,2800.0,Paid,0.0
395,52,2025-12-01,2800,2800.0,Paid,0.0
396,53,2025-09-01,3000,3000.0,Paid,0.0
397,53,2025-10-01,3000,3000.0,Paid,0.0
398,53,2025-11-01,3000,0.0,Pending,3000.0
399,53,2025-12-01,3000,0.0,Pending,3000.0
400,54,2025-01-01,3200,3200.0,Paid,0.0
401,54,2025-02-01,3200,3200.0,Paid,0.0
402,54,2025-03-01,3200,3200.0,Paid,0.0
403,54,2025-04-01,3200,0.0,Pending,3200.0
404,54,2025-05-01,3200,3200.0,Paid,0.0
405,54,2025-06-01,3200,3200.0,Paid,0.0
406,54,2025-07-01,3200,0.0,Pending,3200.0
407,54,2025-08-01,3200,3200.0,Paid,0.0
408,54,2025-09-01,3200,3200.0,Paid,0.0
409,54,2025-10-01,3200,3200.0,Paid,0.0
410,54,2025-11-01,3200,1294.7,Partial,1905.3
411,54,2025-12-01,3200,3200.0,Paid,0.0
412,55,2025-08-01,3400,3400.0,Paid,0.0
413,55,2025-09-01,3400,3400.0,Paid,0.0
414,55,2025-10-01,3400,3400.0,Paid,0.0
415,55,2025-11-01,3400,3400.0,Paid,0.0
416,55,2025-12-01,3400,3400.0,Paid,0.0
417,56,2025-01-01,2800,2800.0,Paid,0.0
418,56,2025-02-01,2800,0.0,Pending,2800.0
419,56,2025-03-01,2800,0.0,Pending,2800.0
420,56,2025-04-01,2800,2800.0,Paid,0.0
421,56,2025-05-01,2800,0.0,Pending,2800.0
422,56,2025-06-01,2800,0.0,Pending,2800.0
423,56,2025-07-01,2800,2800.0,Paid,0.0
424,56,2025-08-01,2800,2800.0,Paid,0.0
425,56,2025-09-01,2800,0.0,Pending,2800.0
426,56,2025-10-01,2800,2800.0,Paid,0.0
427,56,2025-11-01,2800,2800.0,Paid,0.0
428,56,2025-12-01,2800,2800.0,Paid,0.0
429,57,2025-03-01,2800,2800.0,Paid,0.0
430,57,2025-04-01,2800,0.0,Pending,2800.0
431,57,2025-05-01,2800,2800.0,Paid,0.0
432,57,2025-06-01,2800,2800.0,Paid,0.0
433,57,2025-07-01,2800,2800.0,Paid,0.0
434,57,2025-08-01,2800,0.0,Pending,2800.0
435,57,2025-09-01,2800,2800.0,Paid,0.0
436,57,2025-10-01,2800,2800.0,Paid,0.0
437,57,2025-11-01,2800,2800.0,Paid,0.0
438,57,2025-12-01,2800,1409.48,Partial,1390.52
439,58,2025-06-01,2800,2800.0,Paid,0.0
440,58,2025-07-01,2800,2800.0,Paid,0.0
441,58,2025-08-01,2800,2800.0,Paid,0.0
442,58,2025-09-01,2800,2800.0,Paid,0.0
443,58,2025-10-01,2800,1278.85,Partial,1521.15
444,58,2025-11-01,2800,2800.0,Paid,0.0
445,58,2025-12-01,2800,0.0,Pending,2800.0
446,60,2025-09-01,3400,3400.0,Paid,0.0
447,60,2025-10-01,3400,3400.0,Paid,0.0
448,60,2025-11-01,3400,3400.0,Paid,0.0
449,60,2025-12-01,3400,3400.0,Paid,0.0
450,61,2025-01-01,3400,3400.0,Paid,0.0
451,61,2025-02-01,3400,3400.0,Paid,0.0
452,61,2025-03-01,3400,3400.0,Paid,0.0
453,61,2025-04-01,3400,3400.0,Paid,0.0
454,61,2025-05-01,3400,3400.0,Paid,0.0
455,61,2025-06-01,3400,3400.0,Paid,0.0
456,61,2025-07-01,3400,1914.62,Partial,1485.38
457,61,2025-08-01,3400,3400.0,Paid,0.0
458,61,2025-09-01,3400,3400.0,Paid,0.0
459,61,2025-10-01,3400,0.0,Pending,3400.0
460,61,2025-11-01,3400,3400.0,Paid,0.0
461,61,2025-12-01,3400,3400.0,Paid,0.0
462,62,2025-03-01,3200,0.0,Pending,3200.0
463,62,2025-04-01,3200,3200.0,Paid,0.0
464,62,2025-05-01,3200,3200.0,Paid,0.0
465,62,2025-06-01,3200,2066.83,Partial,1133.17
466,62,2025-07-01,3200,3200.0,Paid,0.0
467,62,2025-08-01,3200,3200.0,Paid,0.0
468,62,2025-09-01,3200,3200.0,Paid,0.0
469,62,2025-10-01,3200,3200.0,Paid,0.0
470,62,2025-11-01,3200,3200.0,Paid,0.0
471,62,2025-12-01,3200,3200.0,Paid,0.0
472,63,2025-03-01,3000,3000.0,Paid,0.0
473,63,2025-04-01,3000,3000.0,Paid,0.0
474,63,2025-05-01,3000,3000.0,Paid,0.0
475,63,2025-06-01,3000,3000.0,Paid,0.0
476,63,2025-07-01,3000,3000.0,Paid,0.0
477,63,2025-08-01,3000,3000.0,Paid,0.0
478,63,2025-09-01,3000,3000.0,Paid,0.0
479,63,2025-10-01,3000,3000.0,Paid,0.0
480,63,2025-11-01,3000,3000.0,Paid,0.0
481,63,2025-12-01,3000,0.0,Pending,3000.0
482,65,2025-10-01,3000,3000.0,Paid,0.0
483,65,2025-11-01,3000,3000.0,Paid,0.0
484,65,2025-12-01,3000,3000.0,Paid,0.0
485,66,2025-09-01,3200,2356.99,Partial,843.0100000000002
486,66,2025-10-01,3200,3200.0,Paid,0.0
487,66,2025-11-01,3200,3200.0,Paid,0.0
488,66,2025-12-01,3200,2168.16,Partial,1031.8400000000001
489,67,2025-01-01,3000,3000.0,Paid,0.0
490,67,2025-02-01,3000,3000.0,Paid,0.0
491,67,2025-03-01,3000,3000.0,Paid,0.0
492,67,2025-04-01,3000,0.0,Pending,3000.0
493,67,2025-05-01,3000,3000.0,Paid,0.0
494,67,2025-06-01,3000,1829.74,Partial,1170.26
495,67,2025-07-01,3000,0.0,Pending,3000.0
496,67,2025-08-01,3000,3000.0,Paid,0.0
497,67,2025-09-01,3000,3000.0,Paid,0.0
498,67,2025-10-01,3000,3000.0,Paid,0.0
499,67,2025-11-01,3000,3000.0,Paid,0.0
500,67,2025-12-01,3000,3000.0,Paid,0.0
501,68,2025-05-01,3000,3000.0,Paid,0.0
502,68,2025-06-01,3000,3000.0,Paid,0.0
503,68,2025-07-01,3000,3000.0,Paid,0.0
504,68,2025-08-01,3000,3000.0,Paid,0.0
505,68,2025-09-01,3000,3000.0,Paid,0.0
506,68,2025-10-01,3000,3000.0,Paid,0.0
507,68,2025-11-01,3000,3000.0,Paid,0.0
508,68,2025-12-01,3000,3000.0,Paid,0.0
509,69,2025-01-01,3200,3200.0,Paid,0.0
510,69,2025-02-01,3200,0.0,Pending,3200.0
511,69,2025-03-01,3200,3200.0,Paid,0.0
512,69,2025-04-01,3200,3200.0,Paid,0.0
513,69,2025-05-01,3200,3200.0,Paid,0.0
514,69,2025-06-01,3200,0.0,Pending,3200.0
515,69,2025-07-01,3200,3200.0,Paid,0.0
516,69,2025-08-01,3200,3200.0,Paid,0.0
517,69,2025-09-01,3200,2260.7,Partial,939.3000000000002
518,69,2025-10-01,3200,3200.0,Paid,0.0
519,69,2025-11-01,3200,3200.0,Paid,0.0
520,69,2025-12-01,3200,3200.0,Paid,0.0
521,70,2025-01-01,3200,3200.0,Paid,0.0
522,70,2025-02-01,3200,3200.0,Paid,0.0
523,70,2025-03-01,3200,3200.0,Paid,0.0
524,70,2025-04-01,3200,3200.0,Paid,0.0
525,70,2025-05-01,3200,3200.0,Paid,0.0
526,70,2025-06-01,3200,3200.0,Paid,0.0
527,70,2025-07-01,3200,3200.0,Paid,0.0
528,70,2025-08-01,3200,3200.0,Paid,0.0
529,70,2025-09-01,3200,3200.0,Paid,0.0
530,70,2025-10-01,3200,3200.0,Paid,0.0
531,70,2025-11-01,3200,0.0,Pending,3200.0
532,70,2025-12-01,3200,3200.0,Paid,0.0
533,71,2025-07-01,3000,0.0,Pending,3000.0
534,71,2025-08-01,3000,3000.0,Paid,0.0
535,71,2025-09-01,3000,0.0,Pending,3000.0
536,71,2025-10-01,3000,3000.0,Paid,0.0
537,71,2025-11-01,3000,3000.0,Paid,0.0
538,71,2025-12-01,3000,0.0,Pending,3000.0
539,72,2025-01-01,2800,2800.0,Paid,0.0
540,72,2025-02-01,2800,2800.0,Paid,0.0
541,72,2025-03-01,2800,0.0,Pending,2800.0
542,72,2025-04-01,2800,2800.0,Paid,0.0
543,72,2025-05-01,2800,2800.0,Paid,0.0
544,72,2025-06-01,2800,2800.0,Paid,0.0
545,72,2025-07-01,2800,1775.09,Partial,1024.91
546,72,2025-08-01,2800,2800.0,Paid,0.0
547,72,2025-09-01,2800,2800.0,Paid,0.0
548,72,2025-10-01,2800,2800.0,Paid,0.0
549,72,2025-11-01,2800,2800.0,Paid,0.0
550,72,2025-12-01,2800,2800.0,Paid,0.0
551,73,2025-10-01,2800,2800.0,Paid,0.0
552,73,2025-11-01,2800,0.0,Pending,2800.0
553,73,2025-12-01,2800,2800.0,Paid,0.0
554,74,2025-01-01,2800,1698.77,Partial,1101.23
555,74,2025-02-01,2800,2800.0,Paid,0.0
556,74,2025-03-01,2800,1059.14,Partial,1740.86
557,74,2025-04-01,2800,2800.0,Paid,0.0
558,74,2025-05-01,2800,2800.0,Paid,0.0
559,74,2025-06-01,2800,2800.0,Paid,0.0
560,74,2025-07-01,2800,2800.0,Paid,0.0
561,74,2025-08-01,2800,2800.0,Paid,0.0
562,74,2025-09-01,2800,2800.0,Paid,0.0
563,74,2025-10-01,2800,2800.0,Paid,0.0
564,74,2025-11-01,2800,2800.0,Paid,0.0
565,74,2025-12-01,2800,2800.0,Paid,0.0
566,75,2025-02-01,3000,3000.0,Paid,0.0
567,75,2025-03-01,3000,3000.0,Paid,0.0
568,75,2025-04-01,3000,3000.0,Paid,0.0
569,75,2025-05-01,3000,0.0,Pending,3000.0
570,75,2025-06-01,3000,3000.0,Paid,0.0
571,75,2025-07-01,3000,3000.0,Paid,0.0
572,75,2025-08-01,3000,1239.7,Partial,1760.3
573,75,2025-09-01,3000,3000.0,Paid,0.0
574,75,2025-10-01,3000,3000.0,Paid,0.0
575,75,2025-11-01,3000,3000.0,Paid,0.0
576,75,2025-12-01,3000,3000.0,Paid,0.0
577,76,2025-07-01,3000,3000.0,Paid,0.0
578,76,2025-08-01,3000,3000.0,Paid,0.0
579,76,2025-09-01,3000,3000.0,Paid,0.0
580,76,2025-10-01,3000,3000.0,Paid,0.0
581,76,2025-11-01,3000,0.0,Pending,3000.0
582,76,2025-12-01,3000,3000.0,Paid,0.0
583,77,2025-01-01,3000,3000.0,Paid,0.0
584,77,2025-02-01,3000,3000.0,Paid,0.0
585,77,2025-03-01,3000,3000.0,Paid,0.0
586,77,2025-04-01,3000,3000.0,Paid,0.0
587,77,2025-05-01,3000,0.0,Pending,3000.0
588,77,2025-06-01,3000,1340.3,Partial,1659.7
589,77,2025-07-01,3000,3000.0,Paid,0.0
590,77,2025-08-01,3000,3000.0,Paid,0.0
591,77,2025-09-01,3000,3000.0,Paid,0.0
592,77,2025-10-01,3000,3000.0,Paid,0.0
593,77,2025-11-01,3000,3000.0,Paid,0.0
594,77,2025-12-01,3000,2070.86,Partial,929.1399999999999
595,78,2025-01-01,2800,2800.0,Paid,0.0
596,78,2025-02-01,2800,2800.0,Paid,0.0
597,78,2025-03-01,2800,2800.0,Paid,0.0
598,78,2025-04-01,2800,1549.02,Partial,1250.98
599,78,2025-05-01,2800,2800.0,Paid,0.0
600,78,2025-06-01,2800,2800.0,Paid,0.0
601,78,2025-07-01,2800,2800.0,Paid,0.0
602,78,2025-08-01,2800,2800.0,Paid,0.0
603,78,2025-09-01,2800,2800.0,Paid,0.0
604,78,2025-10-01,2800,2800.0,Paid,0.0
605,78,2025-11-01,2800,0.0,Pending,2800.0
606,78,2025-12-01,2800,1557.04,Partial,1242.96
607,79,2025-02-01,3400,3400.0,Paid,0.0
608,79,2025-03-01,3400,3400.0,Paid,0.0
609,79,2025-04-01,3400,3400.0,Paid,0.0
610,79,2025-05-01,3400,3400.0,Paid,0.0
611,79,2025-06-01,3400,3400.0,Paid,0.0
612,79,2025-07-01,3400,2511.48,Partial,888.52
613,79,2025-08-01,3400,3400.0,Paid,0.0
614,79,2025-09-01,3400,2059.81,Partial,1340.19
615,79,2025-10-01,3400,3400.0,Paid,0.0
616,79,2025-11-01,3400,1640.27,Partial,1759.73
617,79,2025-12-01,3400,1861.02,Partial,1538.98
618,80,2025-03-01,2800,2800.0,Paid,0.0
619,80,2025-04-01,2800,2800.0,Paid,0.0
620,80,2025-05-01,2800,2800.0,Paid,0.0
621,80,2025-06-01,2800,2800.0,Paid,0.0
622,80,2025-07-01,2800,2800.0,Paid,0.0
623,80,2025-08-01,2800,1326.85,Partial,1473.15
624,80,2025-09-01,2800,2800.0,Paid,0.0
625,80,2025-10-01,2800,2800.0,Paid,0.0
626,80,2025-11-01,2800,2800.0,Paid,0.0
627,80,2025-12-01,2800,2800.0,Paid,0.0
628,83,2025-02-01,3400,3400.0,Paid,0.0
629,83,2025-03-01,3400,1695.24,Partial,1704.76
630,83,2025-04-01,3400,3400.0,Paid,0.0
631,83,2025-05-01,3400,2379.5,Partial,1020.5
632,83,2025-06-01,3400,3400.0,Paid,0.0
633,83,2025-07-01,3400,3400.0,Paid,0.0
634,83,2025-08-01,3400,3400.0,Paid,0.0
635,83,2025-09-01,3400,3400.0,Paid,0.0
636,83,2025-10-01,3400,3400.0,Paid,0.0
637,83,2025-11-01,3400,0.0,Pending,3400.0
638,83,2025-12-01,3400,3400.0,Paid,0.0
639,84,2025-01-01,3200,3200.0,Paid,0.0
640,84,2025-02-01,3200,1308.49,Partial,1891.51
641,84,2025-03-01,3200,3200.0,Paid,0.0
642,84,2025-04-01,3200,0.0,Pending,3200.0
643,84,2025-05-01,3200,3200.0,Paid,0.0
644,84,2025-06-01,3200,3200.0,Paid,0.0
645,84,2025-07-01,3200,3200.0,Paid,0.0
646,84,2025-08-01,3200,3200.0,Paid,0.0
647,84,2025-09-01,3200,3200.0,Paid,0.0
648,84,2025-10-01,3200,1585.36,Partial,1614.64
649,84,2025-11-01,3200,3200.0,Paid,0.0
650,84,2025-12-01,3200,3200.0,Paid,0.0
651,85,2025-03-01,3000,3000.0,Paid,0.0
652,85,2025-04-01,3000,0.0,Pending,3000.0
653,85,2025-05-01,3000,3000.0,Paid,0.0
654,85,2025-06-01,3000,1627.38,Partial,1372.62
655,85,2025-07-01,3000,3000.0,Paid,0.0
656,85,2025-08-01,3000,3000.0,Paid,0.0
657,85,2025-09-01,3000,3000.0,Paid,0.0
658,85,2025-10-01,3000,3000.0,Paid,0.0
659,85,2025-11-01,3000,3000.0,Paid,0.0
660,85,2025-12-01,3000,3000.0,Paid,0.0
661,86,2025-05-01,3000,2005.78,Partial,994.22
662,86,2025-06-01,3000,3000.0,Paid,0.0
663,86,2025-07-01,3000,3000.0,Paid,0.0
664,86,2025-08-01,3000,3000.0,Paid,0.0
665,86,2025-09-01,3000,1805.28,Partial,1194.72
666,86,2025-10-01,3000,3000.0,Paid,0.0
667,86,2025-11-01,3000,3000.0,Paid,0.0
668,86,2025-12-01,3000,3000.0,Paid,0.0
669,87,2025-01-01,2800,2800.0,Paid,0.0
670,87,2025-02-01,2800,0.0,Pending,2800.0
671,87,2025-03-01,2800,1150.45,Partial,1649.55
672,87,2025-04-01,2800,2800.0,Paid,0.0
673,87,2025-05-01,2800,0.0,Pending,2800.0
674,87,2025-06-01,2800,2800.0,Paid,0.0
675,87,2025-07-01,2800,0.0,Pending,2800.0
676,87,2025-08-01,2800,2800.0,Paid,0.0
677,87,2025-09-01,2800,2800.0,Paid,0.0
678,87,2025-10-01,2800,1384.63,Partial,1415.37
679,87,2025-11-01,2800,2800.0,Paid,0.0
680,87,2025-12-01,2800,2800.0,Paid,0.0
681,88,2025-01-01,2800,2800.0,Paid,0.0
682,88,2025-02-01,2800,2800.0,Paid,0.0
683,88,2025-03-01,2800,2800.0,Paid,0.0
684,88,2025-04-01,2800,2800.0,Paid,0.0
685,88,2025-05-01,2800,2800.0,Paid,0.0
686,88,2025-06-01,2800,0.0,Pending,2800.0
687,88,2025-07-01,2800,0.0,Pending,2800.0
688,88,2025-08-01,2800,2800.0,Paid,0.0
689,88,2025-09-01,2800,2800.0,Paid,0.0
690,88,2025-10-01,2800,0.0,Pending,2800.0
691,88,2025-11-01,2800,1399.91,Partial,1400.09
692,88,2025-12-01,2800,2800.0,Paid,0.0
693,89,2025-05-01,3000,3000.0,Paid,0.0
694,89,2025-06-01,3000,3000.0,Paid,0.0
695,89,2025-07-01,3000,3000.0,Paid,0.0
696,89,2025-08-01,3000,3000.0,Paid,0.0
697,89,2025-09-01,3000,3000.0,Paid,0.0
698,89,2025-10-01,3000,3000.0,Paid,0.0
699,89,2025-11-01,3000,0.0,Pending,3000.0
700,89,2025-12-01,3000,3000.0,Paid,0.0
701,90,2025-01-01,3200,3200.0,Paid,0.0
702,90,2025-02-01,3200,3200.0,Paid,0.0
703,90,2025-03-01,3200,3200.0,Paid,0.0
704,90,2025-04-01,3200,3200.0,Paid,0.0
705,90,2025-05-01,3200,3200.0,Paid,0.0
706,90,2025-06-01,3200,3200.0,Paid,0.0
707,90,2025-07-01,3200,3200.0,Paid,0.0
708,90,2025-08-01,3200,3200.0,Paid,0.0
709,90,2025-09-01,3200,0.0,Pending,3200.0
710,90,2025-10-01,3200,3200.0,Paid,0.0
711,90,2025-11-01,3200,1878.21,Partial,1321.79
712,90,2025-12-01,3200,3200.0,Paid,0.0
713,91,2025-01-01,3400,3400.0,Paid,0.0
714,91,2025-02-01,3400,3400.0,Paid,0.0
715,91,2025-03-01,3400,3400.0,Paid,0.0
716,91,2025-04-01,3400,3400.0,Paid,0.0
717,91,2025-05-01,3400,3400.0,Paid,0.0
718,91,2025-06-01,3400,3400.0,Paid,0.0
719,91,2025-07-01,3400,3400.0,Paid,0.0
720,91,2025-08-01,3400,1892.91,Partial,1507.09
721,91,2025-09-01,3400,3400.0,Paid,0.0
722,91,2025-10-01,3400,3400.0,Paid,0.0
723,91,2025-11-01,3400,3400.0,Paid,0.0
724,91,2025-12-01,3400,3400.0,Paid,0.0
725,92,2025-02-01,3000,3000.0,Paid,0.0
726,92,2025-03-01,3000,3000.0,Paid,0.0
727,92,2025-04-01,3000,3000.0,Paid,0.0
728,92,2025-05-01,3000,3000.0,Paid,0.0
729,92,2025-06-01,3000,3000.0,Paid,0.0
730,92,2025-07-01,3000,3000.0,Paid,0.0
731,92,2025-08-01,3000,3000.0,Paid,0.0
732,92,2025-09-01,3000,1976.74,Partial,1023.26
733,92,2025-10-01,3000,1210.3,Partial,1789.7
734,92,2025-11-01,3000,0.0,Pending,3000.0
735,92,2025-12-01,3000,3000.0,Paid,0.0
736,93,2025-01-01,3400,3400.0,Paid,0.0
737,93,2025-02-01,3400,3400.0,Paid,0.0
738,93,2025-03-01,3400,3400.0,Paid,0.0
739,93,2025-04-01,3400,3400.0,Paid,0.0
740,93,2025-05-01,3400,3400.0,Paid,0.0
741,93,2025-06-01,3400,3400.0,Paid,0.0
742,93,2025-07-01,3400,3400.0,Paid,0.0
743,93,2025-08-01,3400,3400.0,Paid,0.0
744,93,2025-09-01,3400,3400.0,Paid,0.0
745,93,2025-10-01,3400,1269.96,Partial,2130.04
746,93,2025-11-01,3400,3400.0,Paid,0.0
747,93,2025-12-01,3400,3400.0,Paid,0.0
748,95,2025-01-01,2800,2800.0,Paid,0.0
749,95,2025-02-01,2800,2800.0,Paid,0.0
750,95,2025-03-01,2800,2800.0,Paid,0.0
751,95,2025-04-01,2800,2800.0,Paid,0.0
752,95,2025-05-01,2800,2800.0,Paid,0.0
753,95,2025-06-01,2800,2800.0,Paid,0.0
754,95,2025-07-01,2800,1359.44,Partial,1440.56
755,95,2025-08-01,2800,2800.0,Paid,0.0
756,95,2025-09-01,2800,2800.0,Paid,0.0
757,95,2025-10-01,2800,2800.0,Paid,0.0
758,95,2025-11-01,2800,2800.0,Paid,0.0
759,95,2025-12-01,2800,0.0,Pending,2800.0
760,96,2025-01-01,3400,0.0,Pending,3400.0
761,96,2025-02-01,3400,0.0,Pending,3400.0
762,96,2025-03-01,3400,0.0,Pending,3400.0
763,96,2025-04-01,3400,3400.0,Paid,0.0
764,96,2025-05-01,3400,1343.8,Partial,2056.2
765,96,2025-06-01,3400,3400.0,Paid,0.0
766,96,2025-07-01,3400,3400.0,Paid,0.0
767,96,2025-08-01,3400,3400.0,Paid,0.0
768,96,2025-09-01,3400,1548.12,Partial,1851.88
769,96,2025-10-01,3400,3400.0,Paid,0.0
770,96,2025-11-01,3400,3400.0,Paid,0.0
771,96,2025-12-01,3400,3400.0,Paid,0.0
772,97,2025-01-01,2800,2800.0,Paid,0.0
773,97,2025-02-01,2800,2800.0,Paid,0.0
774,97,2025-03-01,2800,2800.0,Paid,0.0
775,97,2025-04-01,2800,2800.0,Paid,0.0
776,97,2025-05-01,2800,2800.0,Paid,0.0
777,97,2025-06-01,2800,2800.0,Paid,0.0
778,97,2025-07-01,2800,2800.0,Paid,0.0
779,97,2025-08-01,2800,2800.0,Paid,0.0
780,97,2025-09-01,2800,2800.0,Paid,0.0
781,97,2025-10-01,2800,1050.51,Partial,1749.49
782,97,2025-11-01,2800,2800.0,Paid,0.0
783,97,2025-12-01,2800,2800.0,Paid,0.0
784,98,2025-01-01,3000,3000.0,Paid,0.0
785,98,2025-02-01,3000,0.0,Pending,3000.0
786,98,2025-03-01,3000,3000.0,Paid,0.0
787,98,2025-04-01,3000,3000.0,Paid,0.0
788,98,2025-05-01,3000,3000.0,Paid,0.0
789,98,2025-06-01,3000,3000.0,Paid,0.0
790,98,2025-07-01,3000,0.0,Pending,3000.0
791,98,2025-08-01,3000,3000.0,Paid,0.0
792,98,2025-09-01,3000,0.0,Pending,3000.0
793,98,2025-10-01,3000,3000.0,Paid,0.0
794,98,2025-11-01,3000,3000.0,Paid,0.0
795,98,2025-12-01,3000,3000.0,Paid,0.0
796,99,2025-01-01,3000,3000.0,Paid,0.0
797,99,2025-02-01,3000,1828.35,Partial,1171.65
798,99,2025-03-01,3000,3000.0,Paid,0.0
799,99,2025-04-01,3000,3000.0,Paid,0.0
800,99,2025-05-01,3000,0.0,Pending,3000.0
801,99,2025-06-01,3000,3000.0,Paid,0.0
802,99,2025-07-01,3000,3000.0,Paid,0.0
803,99,2025-08-01,3000,3000.0,Paid,0.0
804,99,2025-09-01,3000,3000.0,Paid,0.0
805,99,2025-10-01,3000,3000.0,Paid,0.0
806,99,2025-11-01,3000,3000.0,Paid,0.0
807,99,2025-12-01,3000,1141.72,Partial,1858.28
808,100,2025-01-01,3200,3200.0,Paid,0.0
809,100,2025-02-01,3200,3200.0,Paid,0.0
810,100,2025-03-01,3200,0.0,Pending,3200.0
811,100,2025-04-01,3200,3200.0,Paid,0.0
812,100,2025-05-01,3200,3200.0,Paid,0.0
813,100,2025-06-01,3200,3200.0,Paid,0.0
814,100,2025-07-01,3200,2186.97,Partial,1013.0300000000002
815,100,2025-08-01,3200,3200.0,Paid,0.0
816,100,2025-09-01,3200,3200.0,Paid,0.0
817,100,2025-10-01,3200,3200.0,Paid,0.0
818,100,2025-11-01,3200,3200.0,Paid,0.0
819,100,2025-12-01,3200,1303.1,Partial,1896.9
820,101,2025-02-01,2800,2800.0,Paid,0.0
821,101,2025-03-01,2800,2800.0,Paid,0.0
822,101,2025-04-01,2800,1110.07,Partial,1689.93
823,101,2025-05-01,2800,2800.0,Paid,0.0
824,101,2025-06-01,2800,2800.0,Paid,0.0
825,101,2025-07-01,2800,2800.0,Paid,0.0
826,101,2025-08-01,2800,2800.0,Paid,0.0
827,101,2025-09-01,2800,2800.0,Paid,0.0
828,101,2025-10-01,2800,2800.0,Paid,0.0
829,101,2025-11-01,2800,2800.0,Paid,0.0
830,101,2025-12-01,2800,1724.46,Partial,1075.54
831,102,2025-01-01,2800,0.0,Pending,2800.0
832,102,2025-02-01,2800,2800.0,Paid,0.0
833,102,2025-03-01,2800,2800.0,Paid,0.0
834,102,2025-04-01,2800,2800.0,Paid,0.0
835,102,2025-05-01,2800,2800.0,Paid,0.0
836,102,2025-06-01,2800,2800.0,Paid,0.0
837,102,2025-07-01,2800,2800.0,Paid,0.0
838,102,2025-08-01,2800,1851.58,Partial,948.4200000000001
839,102,2025-09-01,2800,2800.0,Paid,0.0
840,102,2025-10-01,2800,0.0,Pending,2800.0
841,102,2025-11-01,2800,2800.0,Paid,0.0
842,102,2025-12-01,2800,2800.0,Paid,0.0
843,103,2025-01-01,3200,3200.0,Paid,0.0
844,103,2025-02-01,3200,3200.0,Paid,0.0
845,103,2025-03-01,3200,3200.0,Paid,0.0
846,103,2025-04-01,3200,3200.0,Paid,0.0
847,103,2025-05-01,3200,3200.0,Paid,0.0
848,103,2025-06-01,3200,3200.0,Paid,0.0
849,103,2025-07-01,3200,0.0,Pending,3200.0
850,103,2025-08-01,3200,0.0,Pending,3200.0
851,103,2025-09-01,3200,3200.0,Paid,0.0
852,103,2025-10-01,3200,0.0,Pending,3200.0
853,103,2025-11-01,3200,1496.43,Partial,1703.57
854,103,2025-12-01,3200,3200.0,Paid,0.0
855,104,2025-05-01,3000,3000.0,Paid,0.0
856,104,2025-06-01,3000,0.0,Pending,3000.0
857,104,2025-07-01,3000,3000.0,Paid,0.0
858,104,2025-08-01,3000,3000.0,Paid,0.0
859,104,2025-09-01,3000,3000.0,Paid,0.0
860,104,2025-10-01,3000,3000.0,Paid,0.0
861,104,2025-11-01,3000,3000.0,Paid,0.0
862,104,2025-12-01,3000,3000.0,Paid,0.0
863,105,2025-05-01,3200,3200.0,Paid,0.0
864,105,2025-06-01,3200,3200.0,Paid,0.0
865,105,2025-07-01,3200,3200.0,Paid,0.0
866,105,2025-08-01,3200,3200.0,Paid,0.0
867,105,2025-09-01,3200,3200.0,Paid,0.0
868,105,2025-10-01,3200,3200.0,Paid,0.0
869,105,2025-11-01,3200,3200.0,Paid,0.0
870,105,2025-12-01,3200,3200.0,Paid,0.0
871,106,2025-01-01,3200,1962.81,Partial,1237.19
872,106,2025-02-01,3200,3200.0,Paid,0.0
873,106,2025-03-01,3200,3200.0,Paid,0.0
874,106,2025-04-01,3200,1962.54,Partial,1237.46
875,106,2025-05-01,3200,3200.0,Paid,0.0
876,106,2025-06-01,3200,3200.0,Paid,0.0
877,106,2025-07-01,3200,3200.0,Paid,0.0
878,106,2025-08-01,3200,3200.0,Paid,0.0
879,106,2025-09-01,3200,1746.53,Partial,1453.47
880,106,2025-10-01,3200,3200.0,Paid,0.0
881,106,2025-11-01,3200,3200.0,Paid,0.0
882,106,2025-12-01,3200,3200.0,Paid,0.0
883,108,2025-06-01,3200,3200.0,Paid,0.0
884,108,2025-07-01,3200,0.0,Pending,3200.0
885,108,2025-08-01,3200,3200.0,Paid,0.0
886,108,2025-09-01,3200,3200.0,Paid,0.0
887,108,2025-10-01,3200,3200.0,Paid,0.0
888,108,2025-11-01,3200,3200.0,Paid,0.0
889,108,2025-12-01,3200,0.0,Pending,3200.0
890,110,2025-01-01,3000,3000.0,Paid,0.0
891,110,2025-02-01,3000,3000.0,Paid,0.0
892,110,2025-03-01,3000,3000.0,Paid,0.0
893,110,2025-04-01,3000,3000.0,Paid,0.0
894,110,2025-05-01,3000,3000.0,Paid,0.0
895,110,2025-06-01,3000,3000.0,Paid,0.0
896,110,2025-07-01,3000,3000.0,Paid,0.0
897,110,2025-08-01,3000,1143.11,Partial,1856.89
898,110,2025-09-01,3000,3000.0,Paid,0.0
899,110,2025-10-01,3000,3000.0,Paid,0.0
900,110,2025-11-01,3000,3000.0,Paid,0.0
901,110,2025-12-01,3000,2244.85,Partial,755.1500000000001
902,111,2025-01-01,2800,2800.0,Paid,0.0
903,111,2025-02-01,2800,1344.96,Partial,1455.04
904,111,2025-03-01,2800,2800.0,Paid,0.0
905,111,2025-04-01,2800,0.0,Pending,2800.0
906,111,2025-05-01,2800,2800.0,Paid,0.0
907,111,2025-06-01,2800,2800.0,Paid,0.0
908,111,2025-07-01,2800,0.0,Pending,2800.0
909,111,2025-08-01,2800,0.0,Pending,2800.0
910,111,2025-09-01,2800,2800.0,Paid,0.0
911,111,2025-10-01,2800,1623.59,Partial,1176.41
912,111,2025-11-01,2800,2800.0,Paid,0.0
913,111,2025-12-01,2800,0.0,Pending,2800.0
914,112,2025-01-01,2800,2800.0,Paid,0.0
915,112,2025-02-01,2800,2800.0,Paid,0.0
916,112,2025-03-01,2800,982.49,Partial,1817.51
917,112,2025-04-01,2800,2800.0,Paid,0.0
918,112,2025-05-01,2800,2800.0,Paid,0.0
919,112,2025-06-01,2800,0.0,Pending,2800.0
920,112,2025-07-01,2800,1027.51,Partial,1772.49
921,112,2025-08-01,2800,2800.0,Paid,0.0
922,112,2025-09-01,2800,0.0,Pending,2800.0
923,112,2025-10-01,2800,2800.0,Paid,0.0
924,112,2025-11-01,2800,2800.0,Paid,0.0
925,112,2025-12-01,2800,2800.0,Paid,0.0
926,113,2025-01-01,2800,1506.93,Partial,1293.07
927,113,2025-02-01,2800,2800.0,Paid,0.0
928,113,2025-03-01,2800,2800.0,Paid,0.0
929,113,2025-04-01,2800,0.0,Pending,2800.0
930,113,2025-05-01,2800,2800.0,Paid,0.0
931,113,2025-06-01,2800,2800.0,Paid,0.0
932,113,2025-07-01,2800,2800.0,Paid,0.0
933,113,2025-08-01,2800,2800.0,Paid,0.0
934,113,2025-09-01,2800,2800.0,Paid,0.0
935,113,2025-10-01,2800,2800.0,Paid,0.0
936,113,2025-11-01,2800,2800.0,Paid,0.0
937,113,2025-12-01,2800,1752.15,Partial,1047.85
938,114,2025-01-01,2800,2800.0,Paid,0.0
939,114,2025-02-01,2800,2800.0,Paid,0.0
940,114,2025-03-01,2800,2800.0,Paid,0.0
941,114,2025-04-01,2800,2800.0,Paid,0.0
942,114,2025-05-01,2800,2800.0,Paid,0.0
943,114,2025-06-01,2800,2800.0,Paid,0.0
944,114,2025-07-01,2800,0.0,Pending,2800.0
945,114,2025-08-01,2800,2800.0,Paid,0.0
946,114,2025-09-01,2800,2097.2,Partial,702.8000000000002
947,114,2025-10-01,2800,2800.0,Paid,0.0
948,114,2025-11-01,2800,0.0,Pending,2800.0
949,114,2025-12-01,2800,2800.0,Paid,0.0
950,115,2025-01-01,3200,3200.0,Paid,0.0
951,115,2025-02-01,3200,0.0,Pending,3200.0
952,115,2025-03-01,3200,3200.0,Paid,0.0
953,115,2025-04-01,3200,0.0,Pending,3200.0
954,115,2025-05-01,3200,3200.0,Paid,0.0
955,115,2025-06-01,3200,3200.0,Paid,0.0
956,115,2025-07-01,3200,3200.0,Paid,0.0
957,115,2025-08-01,3200,0.0,Pending,3200.0
958,115,2025-09-01,3200,0.0,Pending,3200.0
959,115,2025-10-01,3200,3200.0,Paid,0.0
960,115,2025-11-01,3200,3200.0,Paid,0.0
961,115,2025-12-01,3200,2168.83,Partial,1031.17
962,116,2025-05-01,3200,3200.0,Paid,0.0
963,116,2025-06-01,3200,3200.0,Paid,0.0
964,116,2025-07-01,3200,3200.0,Paid,0.0
965,116,2025-08-01,3200,0.0,Pending,3200.0
966,116,2025-09-01,3200,1492.37,Partial,1707.63
967,116,2025-10-01,3200,3200.0,Paid,0.0
968,116,2025-11-01,3200,3200.0,Paid,0.0
969,116,2025-12-01,3200,3200.0,Paid,0.0
970,118,2025-06-01,3400,0.0,Pending,3400.0
971,118,2025-07-01,3400,3400.0,Paid,0.0
972,118,2025-08-01,3400,3400.0,Paid,0.0
973,118,2025-09-01,3400,3400.0,Paid,0.0
974,118,2025-10-01,3400,3400.0,Paid,0.0
975,118,2025-11-01,3400,0.0,Pending,3400.0
976,118,2025-12-01,3400,3400.0,Paid,0.0
977,119,2025-04-01,3200,0.0,Pending,3200.0
978,119,2025-05-01,3200,3200.0,Paid,0.0
979,119,2025-06-01,3200,2215.34,Partial,984.6599999999999
980,119,2025-07-01,3200,3200.0,Paid,0.0
981,119,2025-08-01,3200,3200.0,Paid,0.0
982,119,2025-09-01,3200,3200.0,Paid,0.0
983,119,2025-10-01,3200,0.0,Pending,3200.0
984,119,2025-11-01,3200,3200.0,Paid,0.0
985,119,2025-12-01,3200,3200.0,Paid,0.0
986,120,2025-04-01,3000,3000.0,Paid,0.0
987,120,2025-05-01,3000,3000.0,Paid,0.0
988,120,2025-06-01,3000,0.0,Pending,3000.0
989,120,2025-07-01,3000,3000.0,Paid,0.0
990,120,2025-08-01,3000,3000.0,Paid,0.0
991,120,2025-09-01,3000,3000.0,Paid,0.0
992,120,2025-10-01,3000,3000.0,Paid,0.0
993,120,2025-11-01,3000,0.0,Pending,3000.0
994,120,2025-12-01,3000,3000.0,Paid,0.0
995,121,2025-03-01,2800,1460.93,Partial,1339.07
996,121,2025-04-01,2800,992.34,Partial,1807.6599999999999
997,121,2025-05-01,2800,2800.0,Paid,0.0
998,121,2025-06-01,2800,2800.0,Paid,0.0
999,121,2025-07-01,2800,2800.0,Paid,0.0
1000,121,2025-08-01,2800,2800.0,Paid,0.0
1001,121,2025-09-01,2800,2800.0,Paid,0.0
1002,121,2025-10-01,2800,2800.0,Paid,0.0
1003,121,2025-11-01,2800,2800.0,Paid,0.0
1004,121,2025-12-01,2800,2800.0,Paid,0.0
1005,123,2025-07-01,2800,2800.0,Paid,0.0
1006,123,2025-08-01,2800,2800.0,Paid,0.0
1007,123,2025-09-01,2800,2800.0,Paid,0.0
1008,123,2025-10-01,2800,2800.0,Paid,0.0
1009,123,2025-11-01,2800,2800.0,Paid,0.0
1010,123,2025-12-01,2800,2800.0,Paid,0.0
1011,124,2025-09-01,2800,2800.0,Paid,0.0
1012,124,2025-10-01,2800,2800.0,Paid,0.0
1013,124,2025-11-01,2800,2800.0,Paid,0.0
1014,124,2025-12-01,2800,0.0,Pending,2800.0
1015,125,2025-01-01,3200,3200.0,Paid,0.0
1016,125,2025-02-01,3200,3200.0,Paid,0.0
1017,125,2025-03-01,3200,3200.0,Paid,0.0
1018,125,2025-04-01,3200,3200.0,Paid,0.0
1019,125,2025-05-01,3200,3200.0,Paid,0.0
1020,125,2025-06-01,3200,3200.0,Paid,0.0
1021,125,2025-07-01,3200,3200.0,Paid,0.0
1022,125,2025-08-01,3200,3200.0,Paid,0.0
1023,125,2025-09-01,3200,3200.0,Paid,0.0
1024,125,2025-10-01,3200,3200.0,Paid,0.0
1025,125,2025-11-01,3200,1533.75,Partial,1666.25
1026,125,2025-12-01,3200,3200.0,Paid,0.0
1027,126,2025-06-01,3400,3400.0,Paid,0.0
1028,126,2025-07-01,3400,3400.0,Paid,0.0
1029,126,2025-08-01,3400,3400.0,Paid,0.0
1030,126,2025-09-01,3400,3400.0,Paid,0.0
1031,126,2025-10-01,3400,3400.0,Paid,0.0
1032,126,2025-11-01,3400,3400.0,Paid,0.0
1033,126,2025-12-01,3400,3400.0,Paid,0.0
1034,127,2025-05-01,2800,0.0,Pending,2800.0
1035,127,2025-06-01,2800,2800.0,Paid,0.0
1036,127,2025-07-01,2800,2800.0,Paid,0.0
1037,127,2025-08-01,2800,2800.0,Paid,0.0
1038,127,2025-09-01,2800,2800.0,Paid,0.0
1039,127,2025-10-01,2800,2800.0,Paid,0.0
1040,127,2025-11-01,2800,2800.0,Paid,0.0
1041,127,2025-12-01,2800,2023.47,Partial,776.53
1042,128,2025-07-01,3200,0.0,Pending,3200.0
1043,128,2025-08-01,3200,3200.0,Paid,0.0
1044,128,2025-09-01,3200,3200.0,Paid,0.0
1045,128,2025-10-01,3200,1549.47,Partial,1650.53
1046,128,2025-11-01,3200,3200.0,Paid,0.0
1047,128,2025-12-01,3200,3200.0,Paid,0.0
1048,129,2025-05-01,2800,2800.0,Paid,0.0
1049,129,2025-06-01,2800,0.0,Pending,2800.0
1050,129,2025-07-01,2800,2800.0,Paid,0.0
1051,129,2025-08-01,2800,2800.0,Paid,0.0
1052,129,2025-09-01,2800,2800.0,Paid,0.0
1053,129,2025-10-01,2800,2800.0,Paid,0.0
1054,129,2025-11-01,2800,2800.0,Paid,0.0
1055,129,2025-12-01,2800,2800.0,Paid,0.0
1056,130,2025-01-01,3200,3200.0,Paid,0.0
1057,130,2025-02-01,3200,3200.0,Paid,0.0
1058,130,2025-03-01,3200,3200.0,Paid,0.0
1059,130,2025-04-01,3200,3200.0,Paid,0.0
1060,130,2025-05-01,3200,0.0,Pending,3200.0
1061,130,2025-06-01,3200,0.0,Pending,3200.0
1062,130,2025-07-01,3200,3200.0,Paid,0.0
1063,130,2025-08-01,3200,0.0,Pending,3200.0
1064,130,2025-09-01,3200,3200.0,Paid,0.0
1065,130,2025-10-01,3200,3200.0,Paid,0.0
1066,130,2025-11-01,3200,3200.0,Paid,0.0
1067,130,2025-12-01,3200,0.0,Pending,3200.0
1068,131,2025-10-01,3400,3400.0,Paid,0.0
1069,131,2025-11-01,3400,3400.0,Paid,0.0
1070,131,2025-12-01,3400,3400.0,Paid,0.0
1071,133,2025-01-01,3000,3000.0,Paid,0.0
1072,133,2025-02-01,3000,3000.0,Paid,0.0
1073,133,2025-03-01,3000,3000.0,Paid,0.0
1074,133,2025-04-01,3000,3000.0,Paid,0.0
1075,133,2025-05-01,3000,1642.85,Partial,1357.15
1076,133,2025-06-01,3000,1510.15,Partial,1489.85
1077,133,2025-07-01,3000,3000.0,Paid,0.0
1078,133,2025-08-01,3000,3000.0,Paid,0.0
1079,133,2025-09-01,3000,3000.0,Paid,0.0
1080,133,2025-10-01,3000,3000.0,Paid,0.0
1081,133,2025-11-01,3000,3000.0,Paid,0.0
1082,133,2025-12-01,3000,3000.0,Paid,0.0
1083,135,2025-04-01,3400,3400.0,Paid,0.0
1084,135,2025-05-01,3400,3400.0,Paid,0.0
1085,135,2025-06-01,3400,3400.0,Paid,0.0
1086,135,2025-07-01,3400,3400.0,Paid,0.0
1087,135,2025-08-01,3400,3400.0,Paid,0.0
1088,135,2025-09-01,3400,3400.0,Paid,0.0
1089,135,2025-10-01,3400,3400.0,Paid,0.0
1090,135,2025-11-01,3400,3400.0,Paid,0.0
1091,135,2025-12-01,3400,0.0,Pending,3400.0
1092,136,2025-07-01,2800,2800.0,Paid,0.0
1093,136,2025-08-01,2800,2800.0,Paid,0.0
1094,136,2025-09-01,2800,0.0,Pending,2800.0
1095,136,2025-10-01,2800,2800.0,Paid,0.0
1096,136,2025-11-01,2800,0.0,Pending,2800.0
1097,136,2025-12-01,2800,2800.0,Paid,0.0
1098,137,2025-07-01,2800,2800.0,Paid,0.0
1099,137,2025-08-01,2800,2800.0,Paid,0.0
1100,137,2025-09-01,2800,2800.0,Paid,0.0
1101,137,2025-10-01,2800,2800.0,Paid,0.0
1102,137,2025-11-01,2800,2800.0,Paid,0.0
1103,137,2025-12-01,2800,2800.0,Paid,0.0
1104,138,2025-01-01,3400,3400.0,Paid,0.0
1105,138,2025-02-01,3400,0.0,Pending,3400.0
1106,138,2025-03-01,3400,1357.98,Partial,2042.02
1107,138,2025-04-01,3400,3400.0,Paid,0.0
1108,138,2025-05-01,3400,2460.81,Partial,939.19
1109,138,2025-06-01,3400,3400.0,Paid,0.0
1110,138,2025-07-01,3400,3400.0,Paid,0.0
1111,138,2025-08-01,3400,3400.0,Paid,0.0
1112,138,2025-09-01,3400,3400.0,Paid,0.0
1113,138,2025-10-01,3400,3400.0,Paid,0.0
1114,138,2025-11-01,3400,3400.0,Paid,0.0
1115,138,2025-12-01,3400,3400.0,Paid,0.0
1116,139,2025-05-01,3200,3200.0,Paid,0.0
1117,139,2025-06-01,3200,3200.0,Paid,0.0
1118,139,2025-07-01,3200,3200.0,Paid,0.0
1119,139,2025-08-01,3200,3200.0,Paid,0.0
1120,139,2025-09-01,3200,3200.0,Paid,0.0
1121,139,2025-10-01,3200,3200.0,Paid,0.0
1122,139,2025-11-01,3200,3200.0,Paid,0.0
1123,139,2025-12-01,3200,3200.0,Paid,0.0
1124,140,2025-06-01,3400,1917.4,Partial,1482.6
1125,140,2025-07-01,3400,3400.0,Paid,0.0
1126,140,2025-08-01,3400,3400.0,Paid,0.0
1127,140,2025-09-01,3400,1605.81,Partial,1794.19
1128,140,2025-10-01,3400,3400.0,Paid,0.0
1129,140,2025-11-01,3400,3400.0,Paid,0.0
1130,140,2025-12-01,3400,3400.0,Paid,0.0
1131,141,2025-01-01,3200,1641.29,Partial,1558.71
1132,141,2025-02-01,3200,3200.0,Paid,0.0
1133,141,2025-03-01,3200,0.0,Pending,3200.0
1134,141,2025-04-01,3200,3200.0,Paid,0.0
1135,141,2025-05-01,3200,3200.0,Paid,0.0
1136,141,2025-06-01,3200,3200.0,Paid,0.0
1137,141,2025-07-01,3200,3200.0,Paid,0.0
1138,141,2025-08-01,3200,3200.0,Paid,0.0
1139,141,2025-09-01,3200,3200.0,Paid,0.0
1140,141,2025-10-01,3200,3200.0,Paid,0.0
1141,141,2025-11-01,3200,0.0,Pending,3200.0
1142,141,2025-12-01,3200,3200.0,Paid,0.0
1143,142,2025-01-01,3200,3200.0,Paid,0.0
1144,142,2025-02-01,3200,3200.0,Paid,0.0
1145,142,2025-03-01,3200,1120.49,Partial,2079.51
1146,142,2025-04-01,3200,3200.0,Paid,0.0
1147,142,2025-05-01,3200,2257.26,Partial,942.7399999999998
1148,142,2025-06-01,3200,3200.0,Paid,0.0
1149,142,2025-07-01,3200,3200.0,Paid,0.0
1150,142,2025-08-01,3200,0.0,Pending,3200.0
1151,142,2025-09-01,3200,3200.0,Paid,0.0
1152,142,2025-10-01,3200,3200.0,Paid,0.0
1153,142,2025-11-01,3200,3200.0,Paid,0.0
1154,142,2025-12-01,3200,3200.0,Paid,0.0
1155,144,2025-07-01,3200,3200.0,Paid,0.0
1156,144,2025-08-01,3200,3200.0,Paid,0.0
1157,144,2025-09-01,3200,2142.43,Partial,1057.5700000000002
1158,144,2025-10-01,3200,3200.0,Paid,0.0
1159,144,2025-11-01,3200,2129.37,Partial,1070.63
1160,144,2025-12-01,3200,1421.07,Partial,1778.93
1161,145,2025-06-01,2800,2800.0,Paid,0.0
1162,145,2025-07-01,2800,2800.0,Paid,0.0
1163,145,2025-08-01,2800,2800.0,Paid,0.0
1164,145,2025-09-01,2800,2800.0,Paid,0.0
1165,145,2025-10-01,2800,2800.0,Paid,0.0
1166,145,2025-11-01,2800,1154.04,Partial,1645.96
1167,145,2025-12-01,2800,2800.0,Paid,0.0
1168,146,2025-04-01,3200,3200.0,Paid,0.0
1169,146,2025-05-01,3200,3200.0,Paid,0.0
1170,146,2025-06-01,3200,3200.0,Paid,0.0
1171,146,2025-07-01,3200,3200.0,Paid,0.0
1172,146,2025-08-01,3200,3200.0,Paid,0.0
1173,146,2025-09-01,3200,3200.0,Paid,0.0
1174,146,2025-10-01,3200,3200.0,Paid,0.0
1175,146,2025-11-01,3200,3200.0,Paid,0.0
1176,146,2025-12-01,3200,3200.0,Paid,0.0
1177,148,2025-08-01,3000,0.0,Pending,3000.0
1178,148,2025-09-01,3000,3000.0,Paid,0.0
1179,148,2025-10-01,3000,3000.0,Paid,0.0
1180,148,2025-11-01,3000,1581.78,Partial,1418.22
1181,148,2025-12-01,3000,3000.0,Paid,0.0
1182,149,2025-09-01,2800,2800.0,Paid,0.0
1183,149,2025-10-01,2800,2800.0,Paid,0.0
1184,149,2025-11-01,2800,2800.0,Paid,0.0
1185,149,2025-12-01,2800,2800.0,Paid,0.0
1186,150,2025-01-01,3200,0.0,Pending,3200.0
1187,150,2025-02-01,3200,0.0,Pending,3200.0
1188,150,2025-03-01,3200,3200.0,Paid,0.0
1189,150,2025-04-01,3200,3200.0,Paid,0.0
1190,150,2025-05-01,3200,3200.0,Paid,0.0
1191,150,2025-06-01,3200,3200.0,Paid,0.0
1192,150,2025-07-01,3200,3200.0,Paid,0.0
1193,150,2025-08-01,3200,3200.0,Paid,0.0
1194,150,2025-09-01,3200,3200.0,Paid,0.0
1195,150,2025-10-01,3200,3200.0,Paid,0.0
1196,150,2025-11-01,3200,3200.0,Paid,0.0
1197,150,2025-12-01,3200,3200.0,Paid,0.0
1198,151,2025-01-01,3200,3200.0,Paid,0.0
1199,151,2025-02-01,3200,0.0,Pending,3200.0
1200,151,2025-03-01,3200,3200.0,Paid,0.0
1201,151,2025-04-01,3200,0.0,Pending,3200.0
1202,151,2025-05-01,3200,1911.1,Partial,1288.9
1203,151,2025-06-01,3200,0.0,Pending,3200.0
1204,151,2025-07-01,3200,3200.0,Paid,0.0
1205,151,2025-08-01,3200,3200.0,Paid,0.0
1206,151,2025-09-01,3200,3200.0,Paid,0.0
1207,151,2025-10-01,3200,3200.0,Paid,0.0
1208,151,2025-11-01,3200,3200.0,Paid,0.0
1209,151,2025-12-01,3200,0.0,Pending,3200.0
1210,152,2025-01-01,3000,1198.64,Partial,1801.36
1211,152,2025-02-01,3000,3000.0,Paid,0.0
1212,152,2025-03-01,3000,3000.0,Paid,0.0
1213,152,2025-04-01,3000,3000.0,Paid,0.0
1214,152,2025-05-01,3000,3000.0,Paid,0.0
1215,152,2025-06-01,3000,3000.0,Paid,0.0
1216,152,2025-07-01,3000,3000.0,Paid,0.0
1217,152,2025-08-01,3000,3000.0,Paid,0.0
1218,152,2025-09-01,3000,0.0,Pending,3000.0
1219,152,2025-10-01,3000,3000.0,Paid,0.0
1220,152,2025-11-01,3000,3000.0,Paid,0.0
1221,152,2025-12-01,3000,0.0,Pending,3000.0
1222,153,2025-06-01,3200,3200.0,Paid,0.0
1223,153,2025-07-01,3200,3200.0,Paid,0.0
1224,153,2025-08-01,3200,3200.0,Paid,0.0
1225,153,2025-09-01,3200,3200.0,Paid,0.0
1226,153,2025-10-01,3200,3200.0,Paid,0.0
1227,153,2025-11-01,3200,3200.0,Paid,0.0
1228,153,2025-12-01,3200,3200.0,Paid,0.0
1229,154,2025-10-01,3000,3000.0,Paid,0.0
1230,154,2025-11-01,3000,3000.0,Paid,0.0
1231,154,2025-12-01,3000,3000.0,Paid,0.0
1232,155,2025-05-01,3000,3000.0,Paid,0.0
1233,155,2025-06-01,3000,3000.0,Paid,0.0
1234,155,2025-07-01,3000,3000.0,Paid,0.0
1235,155,2025-08-01,3000,3000.0,Paid,0.0
1236,155,2025-09-01,3000,3000.0,Paid,0.0
1237,155,2025-10-01,3000,3000.0,Paid,0.0
1238,155,2025-11-01,3000,3000.0,Paid,0.0
1239,155,2025-12-01,3000,3000.0,Paid,0.0
1240,156,2025-02-01,3200,3200.0,Paid,0.0
1241,156,2025-03-01,3200,3200.0,Paid,0.0
1242,156,2025-04-01,3200,3200.0,Paid,0.0
1243,156,2025-05-01,3200,3200.0,Paid,0.0
1244,156,2025-06-01,3200,3200.0,Paid,0.0
1245,156,2025-07-01,3200,2260.62,Partial,939.3800000000001
1246,156,2025-08-01,3200,3200.0,Paid,0.0
1247,156,2025-09-01,3200,3200.0,Paid,0.0
1248,156,2025-10-01,3200,1600.79,Partial,1599.21
1249,156,2025-11-01,3200,1156.75,Partial,2043.25
1250,156,2025-12-01,3200,3200.0,Paid,0.0
1251,157,2025-01-01,3200,3200.0,Paid,0.0
1252,157,2025-02-01,3200,0.0,Pending,3200.0
1253,157,2025-03-01,3200,3200.0,Paid,0.0
1254,157,2025-04-01,3200,0.0,Pending,3200.0
1255,157,2025-05-01,3200,3200.0,Paid,0.0
1256,157,2025-06-01,3200,3200.0,Paid,0.0
1257,157,2025-07-01,3200,3200.0,Paid,0.0
1258,157,2025-08-01,3200,3200.0,Paid,0.0
1259,157,2025-09-01,3200,3200.0,Paid,0.0
1260,157,2025-10-01,3200,3200.0,Paid,0.0
1261,157,2025-11-01,3200,3200.0,Paid,0.0
1262,157,2025-12-01,3200,3200.0,Paid,0.0
1263,158,2025-01-01,3200,2001.05,Partial,1198.95
1264,158,2025-02-01,3200,3200.0,Paid,0.0
1265,158,2025-03-01,3200,3200.0,Paid,0.0
1266,158,2025-04-01,3200,3200.0,Paid,0.0
1267,158,2025-05-01,3200,3200.0,Paid,0.0
1268,158,2025-06-01,3200,3200.0,Paid,0.0
1269,158,2025-07-01,3200,3200.0,Paid,0.0
1270,158,2025-08-01,3200,3200.0,Paid,0.0
1271,158,2025-09-01,3200,3200.0,Paid,0.0
1272,158,2025-10-01,3200,3200.0,Paid,0.0
1273,158,2025-11-01,3200,3200.0,Paid,0.0
1274,158,2025-12-01,3200,3200.0,Paid,0.0
1275,159,2025-01-01,2800,2800.0,Paid,0.0
1276,159,2025-02-01,2800,2800.0,Paid,0.0
1277,159,2025-03-01,2800,2800.0,Paid,0.0
1278,159,2025-04-01,2800,2800.0,Paid,0.0
1279,159,2025-05-01,2800,2800.0,Paid,0.0
1280,159,2025-06-01,2800,2800.0,Paid,0.0
1281,159,2025-07-01,2800,2800.0,Paid,0.0
1282,159,2025-08-01,2800,2800.0,Paid,0.0
1283,159,2025-09-01,2800,2800.0,Paid,0.0
1284,159,2025-10-01,2800,2800.0,Paid,0.0
1285,159,2025-11-01,2800,2800.0,Paid,0.0
1286,159,2025-12-01,2800,2800.0,Paid,0.0
1287,160,2025-11-01,2800,2800.0,Paid,0.0
1288,160,2025-12-01,2800,2800.0,Paid,0.0
1289,161,2025-05-01,2800,2800.0,Paid,0.0
1290,161,2025-06-01,2800,2800.0,Paid,0.0
1291,161,2025-07-01,2800,2800.0,Paid,0.0
1292,161,2025-08-01,2800,0.0,Pending,2800.0
1293,161,2025-09-01,2800,2800.0,Paid,0.0
1294,161,2025-10-01,2800,2800.0,Paid,0.0
1295,161,2025-11-01,2800,2800.0,Paid,0.0
1296,161,2025-12-01,2800,2800.0,Paid,0.0
1297,162,2025-01-01,3000,1162.02,Partial,1837.98
1298,162,2025-02-01,3000,0.0,Pending,3000.0
1299,162,2025-03-01,3000,3000.0,Paid,0.0
1300,162,2025-04-01,3000,3000.0,Paid,0.0
1301,162,2025-05-01,3000,3000.0,Paid,0.0
1302,162,2025-06-01,3000,3000.0,Paid,0.0
1303,162,2025-07-01,3000,3000.0,Paid,0.0
1304,162,2025-08-01,3000,3000.0,Paid,0.0
1305,162,2025-09-01,3000,3000.0,Paid,0.0
1306,162,2025-10-01,3000,3000.0,Paid,0.0
1307,162,2025-11-01,3000,3000.0,Paid,0.0
1308,162,2025-12-01,3000,3000.0,Paid,0.0
1309,164,2025-03-01,2800,1622.02,Partial,1177.98
1310,164,2025-04-01,2800,2800.0,Paid,0.0
1311,164,2025-05-01,2800,1031.39,Partial,1768.61
1312,164,2025-06-01,2800,2800.0,Paid,0.0
1313,164,2025-07-01,2800,1587.65,Partial,1212.35
1314,164,2025-08-01,2800,0.0,Pending,2800.0
1315,164,2025-09-01,2800,0.0,Pending,2800.0
1316,164,2025-10-01,2800,2800.0,Paid,0.0
1317,164,2025-11-01,2800,2800.0,Paid,0.0
1318,164,2025-12-01,2800,2800.0,Paid,0.0
1319,165,2025-01-01,3000,3000.0,Paid,0.0
1320,165,2025-02-01,3000,3000.0,Paid,0.0
1321,165,2025-03-01,3000,3000.0,Paid,0.0
1322,165,2025-04-01,3000,3000.0,Paid,0.0
1323,165,2025-05-01,3000,3000.0,Paid,0.0
1324,165,2025-06-01,3000,3000.0,Paid,0.0
1325,165,2025-07-01,3000,3000.0,Paid,0.0
1326,165,2025-08-01,3000,3000.0,Paid,0.0
1327,165,2025-09-01,3000,3000.0,Paid,0.0
1328,165,2025-10-01,3000,3000.0,Paid,0.0
1329,165,2025-11-01,3000,3000.0,Paid,0.0
1330,165,2025-12-01,3000,3000.0,Paid,0.0
1331,166,2025-02-01,3400,3400.0,Paid,0.0
1332,166,2025-03-01,3400,3400.0,Paid,0.0
1333,166,2025-04-01,3400,3400.0,Paid,0.0
1334,166,2025-05-01,3400,1352.02,Partial,2047.98
1335,166,2025-06-01,3400,3400.0,Paid,0.0
1336,166,2025-07-01,3400,3400.0,Paid,0.0
1337,166,2025-08-01,3400,3400.0,Paid,0.0
1338,166,2025-09-01,3400,2139.02,Partial,1260.98
1339,166,2025-10-01,3400,3400.0,Paid,0.0
1340,166,2025-11-01,3400,3400.0,Paid,0.0
1341,166,2025-12-01,3400,2293.25,Partial,1106.75
1342,167,2025-11-01,3200,0.0,Pending,3200.0
1343,167,2025-12-01,3200,1827.27,Partial,1372.73
1344,169,2025-01-01,3000,3000.0,Paid,0.0
1345,169,2025-02-01,3000,1316.92,Partial,1683.08
1346,169,2025-03-01,3000,3000.0,Paid,0.0
1347,169,2025-04-01,3000,1872.23,Partial,1127.77
1348,169,2025-05-01,3000,3000.0,Paid,0.0
1349,169,2025-06-01,3000,3000.0,Paid,0.0
1350,169,2025-07-01,3000,1918.26,Partial,1081.74
1351,169,2025-08-01,3000,3000.0,Paid,0.0
1352,169,2025-09-01,3000,3000.0,Paid,0.0
1353,169,2025-10-01,3000,0.0,Pending,3000.0
1354,169,2025-11-01,3000,3000.0,Paid,0.0
1355,169,2025-12-01,3000,0.0,Pending,3000.0
1356,170,2025-09-01,3000,3000.0,Paid,0.0
1357,170,2025-10-01,3000,3000.0,Paid,0.0
1358,170,2025-11-01,3000,3000.0,Paid,0.0
1359,170,2025-12-01,3000,3000.0,Paid,0.0
1360,171,2025-01-01,3000,1586.81,Partial,1413.19
1361,171,2025-02-01,3000,3000.0,Paid,0.0
1362,171,2025-03-01,3000,3000.0,Paid,0.0
1363,171,2025-04-01,3000,3000.0,Paid,0.0
1364,171,2025-05-01,3000,3000.0,Paid,0.0
1365,171,2025-06-01,3000,3000.0,Paid,0.0
1366,171,2025-07-01,3000,3000.0,Paid,0.0
1367,171,2025-08-01,3000,3000.0,Paid,0.0
1368,171,2025-09-01,3000,0.0,Pending,3000.0
1369,171,2025-10-01,3000,3000.0,Paid,0.0
1370,171,2025-11-01,3000,0.0,Pending,3000.0
1371,171,2025-12-01,3000,3000.0,Paid,0.0
1372,172,2025-01-01,3200,3200.0,Paid,0.0
1373,172,2025-02-01,3200,0.0,Pending,3200.0
1374,172,2025-03-01,3200,2187.57,Partial,1012.4299999999998
1375,172,2025-04-01,3200,3200.0,Paid,0.0
1376,172,2025-05-01,3200,0.0,Pending,3200.0
1377,172,2025-06-01,3200,3200.0,Paid,0.0
1378,172,2025-07-01,3200,3200.0,Paid,0.0
1379,172,2025-08-01,3200,3200.0,Paid,0.0
1380,172,2025-09-01,3200,3200.0,Paid,0.0
1381,172,2025-10-01,3200,3200.0,Paid,0.0
1382,172,2025-11-01,3200,3200.0,Paid,0.0
1383,172,2025-12-01,3200,1860.83,Partial,1339.17
1384,173,2025-07-01,3000,3000.0,Paid,0.0
1385,173,2025-08-01,3000,3000.0,Paid,0.0
1386,173,2025-09-01,3000,0.0,Pending,3000.0
1387,173,2025-10-01,3000,3000.0,Paid,0.0
1388,173,2025-11-01,3000,3000.0,Paid,0.0
1389,173,2025-12-01,3000,3000.0,Paid,0.0
1390,174,2025-05-01,3200,3200.0,Paid,0.0
1391,174,2025-06-01,3200,3200.0,Paid,0.0
1392,174,2025-07-01,3200,3200.0,Paid,0.0
1393,174,2025-08-01,3200,3200.0,Paid,0.0
1394,174,2025-09-01,3200,3200.0,Paid,0.0
1395,174,2025-10-01,3200,3200.0,Paid,0.0
1396,174,2025-11-01,3200,3200.0,Paid,0.0
1397,174,2025-12-01,3200,0.0,Pending,3200.0
1398,176,2025-01-01,2800,2800.0,Paid,0.0
1399,176,2025-02-01,2800,2800.0,Paid,0.0
1400,176,2025-03-01,2800,2800.0,Paid,0.0
1401,176,2025-04-01,2800,1990.83,Partial,809.1700000000001
1402,176,2025-05-01,2800,1195.53,Partial,1604.47
1403,176,2025-06-01,2800,1942.61,Partial,857.3900000000001
1404,176,2025-07-01,2800,2800.0,Paid,0.0
1405,176,2025-08-01,2800,2800.0,Paid,0.0
1406,176,2025-09-01,2800,2800.0,Paid,0.0
1407,176,2025-10-01,2800,2800.0,Paid,0.0
1408,176,2025-11-01,2800,2800.0,Paid,0.0
1409,176,2025-12-01,2800,0.0,Pending,2800.0
1410,177,2025-09-01,3200,3200.0,Paid,0.0
1411,177,2025-10-01,3200,3200.0,Paid,0.0
1412,177,2025-11-01,3200,3200.0,Paid,0.0
1413,177,2025-12-01,3200,3200.0,Paid,0.0
1414,178,2025-01-01,2800,1302.31,Partial,1497.69
1415,178,2025-02-01,2800,2800.0,Paid,0.0
1416,178,2025-03-01,2800,2800.0,Paid,0.0
1417,178,2025-04-01,2800,2800.0,Paid,0.0
1418,178,2025-05-01,2800,1409.53,Partial,1390.47
1419,178,2025-06-01,2800,2800.0,Paid,0.0
1420,178,2025-07-01,2800,1994.89,Partial,805.1099999999999
1421,178,2025-08-01,2800,0.0,Pending,2800.0
1422,178,2025-09-01,2800,2800.0,Paid,0.0
1423,178,2025-10-01,2800,1536.45,Partial,1263.55
1424,178,2025-11-01,2800,2800.0,Paid,0.0
1425,178,2025-12-01,2800,2800.0,Paid,0.0
1426,179,2025-01-01,2800,2800.0,Paid,0.0
1427,179,2025-02-01,2800,2800.0,Paid,0.0
1428,179,2025-03-01,2800,1160.36,Partial,1639.64
1429,179,2025-04-01,2800,0.0,Pending,2800.0
1430,179,2025-05-01,2800,2800.0,Paid,0.0
1431,179,2025-06-01,2800,0.0,Pending,2800.0
1432,179,2025-07-01,2800,2800.0,Paid,0.0
1433,179,2025-08-01,2800,2800.0,Paid,0.0
1434,179,2025-09-01,2800,2800.0,Paid,0.0
1435,179,2025-10-01,2800,2800.0,Paid,0.0
1436,179,2025-11-01,2800,2800.0,Paid,0.0
1437,179,2025-12-01,2800,2800.0,Paid,0.0
1438,181,2025-01-01,3000,3000.0,Paid,0.0
1439,181,2025-02-01,3000,3000.0,Paid,0.0
1440,181,2025-03-01,3000,3000.0,Paid,0.0
1441,181,2025-04-01,3000,3000.0,Paid,0.0
1442,181,2025-05-01,3000,3000.0,Paid,0.0
1443,181,2025-06-01,3000,1337.29,Partial,1662.71
1444,181,2025-07-01,3000,3000.0,Paid,0.0
1445,181,2025-08-01,3000,3000.0,Paid,0.0
1446,181,2025-09-01,3000,3000.0,Paid,0.0
1447,181,2025-10-01,3000,3000.0,Paid,0.0
1448,181,2025-11-01,3000,3000.0,Paid,0.0
1449,181,2025-12-01,3000,3000.0,Paid,0.0
1450,182,2025-10-01,3400,3400.0,Paid,0.0
1451,182,2025-11-01,3400,3400.0,Paid,0.0
1452,182,2025-12-01,3400,3400.0,Paid,0.0
1453,183,2025-02-01,2800,2065.77,Partial,734.23
1454,183,2025-03-01,2800,1168.99,Partial,1631.01
1455,183,2025-04-01,2800,2800.0,Paid,0.0
1456,183,2025-05-01,2800,2800.0,Paid,0.0
1457,183,2025-06-01,2800,2800.0,Paid,0.0
1458,183,2025-07-01,2800,2800.0,Paid,0.0
1459,183,2025-08-01,2800,2800.0,Paid,0.0
1460,183,2025-09-01,2800,2800.0,Paid,0.0
1461,183,2025-10-01,2800,0.0,Pending,2800.0
1462,183,2025-11-01,2800,2800.0,Paid,0.0
1463,183,2025-12-01,2800,2800.0,Paid,0.0
1464,185,2025-09-01,2800,2800.0,Paid,0.0
1465,185,2025-10-01,2800,2800.0,Paid,0.0
1466,185,2025-11-01,2800,2800.0,Paid,0.0
1467,185,2025-12-01,2800,2800.0,Paid,0.0
1468,186,2025-09-01,3200,3200.0,Paid,0.0
1469,186,2025-10-01,3200,3200.0,Paid,0.0
1470,186,2025-11-01,3200,3200.0,Paid,0.0
1471,186,2025-12-01,3200,3200.0,Paid,0.0
1472,188,2025-04-01,2800,2800.0,Paid,0.0
1473,188,2025-05-01,2800,2800.0,Paid,0.0
1474,188,2025-06-01,2800,2800.0,Paid,0.0
1475,188,2025-07-01,2800,2800.0,Paid,0.0
1476,188,2025-08-01,2800,0.0,Pending,2800.0
1477,188,2025-09-01,2800,2800.0,Paid,0.0
1478,188,2025-10-01,2800,2800.0,Paid,0.0
1479,188,2025-11-01,2800,2800.0,Paid,0.0
1480,188,2025-12-01,2800,1045.39,Partial,1754.61
1481,189,2025-10-01,3000,3000.0,Paid,0.0
1482,189,2025-11-01,3000,3000.0,Paid,0.0
1483,189,2025-12-01,3000,0.0,Pending,3000.0
1484,191,2025-01-01,3200,3200.0,Paid,0.0
1485,191,2025-02-01,3200,3200.0,Paid,0.0
1486,191,2025-03-01,3200,3200.0,Paid,0.0
1487,191,2025-04-01,3200,0.0,Pending,3200.0
1488,191,2025-05-01,3200,0.0,Pending,3200.0
1489,191,2025-06-01,3200,3200.0,Paid,0.0
1490,191,2025-07-01,3200,3200.0,Paid,0.0
1491,191,2025-08-01,3200,3200.0,Paid,0.0
1492,191,2025-09-01,3200,3200.0,Paid,0.0
1493,191,2025-10-01,3200,3200.0,Paid,0.0
1494,191,2025-11-01,3200,3200.0,Paid,0.0
1495,191,2025-12-01,3200,3200.0,Paid,0.0
1496,192,2025-06-01,3200,3200.0,Paid,0.0
1497,192,2025-07-01,3200,3200.0,Paid,0.0
1498,192,2025-08-01,3200,3200.0,Paid,0.0
1499,192,2025-09-01,3200,3200.0,Paid,0.0
1500,192,2025-10-01,3200,3200.0,Paid,0.0
1501,192,2025-11-01,3200,1690.95,Partial,1509.05
1502,192,2025-12-01,3200,3200.0,Paid,0.0
1503,195,2025-11-01,2800,1574.31,Partial,1225.69
1504,195,2025-12-01,2800,2800.0,Paid,0.0
1505,196,2025-08-01,3200,3200.0,Paid,0.0
1506,196,2025-09-01,3200,1493.38,Partial,1706.62
1507,196,2025-10-01,3200,3200.0,Paid,0.0
1508,196,2025-11-01,3200,3200.0,Paid,0.0
1509,196,2025-12-01,3200,0.0,Pending,3200.0
1510,197,2025-06-01,3000,3000.0,Paid,0.0
1511,197,2025-07-01,3000,0.0,Pending,3000.0
1512,197,2025-08-01,3000,3000.0,Paid,0.0
1513,197,2025-09-01,3000,3000.0,Paid,0.0
1514,197,2025-10-01,3000,3000.0,Paid,0.0
1515,197,2025-11-01,3000,3000.0,Paid,0.0
1516,197,2025-12-01,3000,0.0,Pending,3000.0
1517,198,2025-02-01,3400,3400.0,Paid,0.0
1518,198,2025-03-01,3400,3400.0,Paid,0.0
1519,198,2025-04-01,3400,3400.0,Paid,0.0
1520,198,2025-05-01,3400,3400.0,Paid,0.0
1521,198,2025-06-01,3400,3400.0,Paid,0.0
1522,198,2025-07-01,3400,1843.75,Partial,1556.25
1523,198,2025-08-01,3400,3400.0,Paid,0.0
1524,198,2025-09-01,3400,3400.0,Paid,0.0
1525,198,2025-10-01,3400,3400.0,Paid,0.0
1526,198,2025-11-01,3400,1856.54,Partial,1543.46
1527,198,2025-12-01,3400,3400.0,Paid,0.0
1528,199,2025-06-01,3200,3200.0,Paid,0.0
1529,199,2025-07-01,3200,3200.0,Paid,0.0
1530,199,2025-08-01,3200,0.0,Pending,3200.0
1531,199,2025-09-01,3200,3200.0,Paid,0.0
1532,199,2025-10-01,3200,3200.0,Paid,0.0
1533,199,2025-11-01,3200,3200.0,Paid,0.0
1534,199,2025-12-01,3200,3200.0,Paid,0.0
1535,200,2025-10-01,3000,3000.0,Paid,0.0
1536,200,2025-11-01,3000,3000.0,Paid,0.0
1537,200,2025-12-01,3000,3000.0,Paid,0.0
1538,201,2025-01-01,3400,0.0,Pending,3400.0
1539,201,2025-02-01,3400,3400.0,Paid,0.0
1540,201,2025-03-01,3400,3400.0,Paid,0.0
1541,201,2025-04-01,3400,3400.0,Paid,0.0
1542,201,2025-05-01,3400,1196.31,Partial,2203.69
1543,201,2025-06-01,3400,0.0,Pending,3400.0
1544,201,2025-07-01,3400,3400.0,Paid,0.0
1545,201,2025-08-01,3400,3400.0,Paid,0.0
1546,201,2025-09-01,3400,3400.0,Paid,0.0
1547,201,2025-10-01,3400,3400.0,Paid,0.0
1548,201,2025-11-01,3400,3400.0,Paid,0.0
1549,201,2025-12-01,3400,3400.0,Paid,0.0
1550,203,2025-11-01,3400,3400.0,Paid,0.0
1551,203,2025-12-01,3400,3400.0,Paid,0.0
1552,204,2025-04-01,2800,2800.0,Paid,0.0
1553,204,2025-05-01,2800,1316.28,Partial,1483.72
1554,204,2025-06-01,2800,2800.0,Paid,0.0
1555,204,2025-07-01,2800,2800.0,Paid,0.0
1556,204,2025-08-01,2800,2800.0,Paid,0.0
1557,204,2025-09-01,2800,2800.0,Paid,0.0
1558,204,2025-10-01,2800,2800.0,Paid,0.0
1559,204,2025-11-01,2800,2036.81,Partial,763.19
1560,204,2025-12-01,2800,2800.0,Paid,0.0
1561,205,2025-04-01,3200,3200.0,Paid,0.0
1562,205,2025-05-01,3200,0.0,Pending,3200.0
1563,205,2025-06-01,3200,0.0,Pending,3200.0
1564,205,2025-07-01,3200,0.0,Pending,3200.0
1565,205,2025-08-01,3200,3200.0,Paid,0.0
1566,205,2025-09-01,3200,3200.0,Paid,0.0
1567,205,2025-10-01,3200,3200.0,Paid,0.0
1568,205,2025-11-01,3200,3200.0,Paid,0.0
1569,205,2025-12-01,3200,3200.0,Paid,0.0
1570,206,2025-01-01,3200,3200.0,Paid,0.0
1571,206,2025-02-01,3200,3200.0,Paid,0.0
1572,206,2025-03-01,3200,3200.0,Paid,0.0
1573,206,2025-04-01,3200,3200.0,Paid,0.0
1574,206,2025-05-01,3200,3200.0,Paid,0.0
1575,206,2025-06-01,3200,3200.0,Paid,0.0
1576,206,2025-07-01,3200,3200.0,Paid,0.0
1577,206,2025-08-01,3200,3200.0,Paid,0.0
1578,206,2025-09-01,3200,3200.0,Paid,0.0
1579,206,2025-10-01,3200,3200.0,Paid,0.0
1580,206,2025-11-01,3200,3200.0,Paid,0.0
1581,206,2025-12-01,3200,3200.0,Paid,0.0
1582,208,2025-05-01,3400,3400.0,Paid,0.0
1583,208,2025-06-01,3400,0.0,Pending,3400.0
1584,208,2025-07-01,3400,3400.0,Paid,0.0
1585,208,2025-08-01,3400,3400.0,Paid,0.0
1586,208,2025-09-01,3400,3400.0,Paid,0.0
1587,208,2025-10-01,3400,3400.0,Paid,0.0
1588,208,2025-11-01,3400,3400.0,Paid,0.0
1589,208,2025-12-01,3400,3400.0,Paid,0.0
1590,209,2025-08-01,2800,0.0,Pending,2800.0
1591,209,2025-09-01,2800,0.0,Pending,2800.0
1592,209,2025-10-01,2800,2800.0,Paid,0.0
1593,209,2025-11-01,2800,1114.11,Partial,1685.89
1594,209,2025-12-01,2800,0.0,Pending,2800.0
1595,210,2025-11-01,3200,3200.0,Paid,0.0
1596,210,2025-12-01,3200,3200.0,Paid,0.0
1597,211,2025-11-01,2800,2800.0,Paid,0.0
1598,211,2025-12-01,2800,0.0,Pending,2800.0
1599,212,2025-06-01,2800,2800.0,Paid,0.0
1600,212,2025-07-01,2800,0.0,Pending,2800.0
1601,212,2025-08-01,2800,0.0,Pending,2800.0
1602,212,2025-09-01,2800,2800.0,Paid,0.0
1603,212,2025-10-01,2800,2800.0,Paid,0.0
1604,212,2025-11-01,2800,2800.0,Paid,0.0
1605,212,2025-12-01,2800,2800.0,Paid,0.0
1606,213,2025-01-01,3000,1948.05,Partial,1051.95
1607,213,2025-02-01,3000,3000.0,Paid,0.0
1608,213,2025-03-01,3000,3000.0,Paid,0.0
1609,213,2025-04-01,3000,3000.0,Paid,0.0
1610,213,2025-05-01,3000,3000.0,Paid,0.0
1611,213,2025-06-01,3000,0.0,Pending,3000.0
1612,213,2025-07-01,3000,3000.0,Paid,0.0
1613,213,2025-08-01,3000,3000.0,Paid,0.0
1614,213,2025-09-01,3000,3000.0,Paid,0.0
1615,213,2025-10-01,3000,0.0,Pending,3000.0
1616,213,2025-11-01,3000,3000.0,Paid,0.0
1617,213,2025-12-01,3000,1846.49,Partial,1153.51
1618,215,2025-01-01,2800,2800.0,Paid,0.0
1619,215,2025-02-01,2800,2800.0,Paid,0.0
1620,215,2025-03-01,2800,2800.0,Paid,0.0
1621,215,2025-04-01,2800,2800.0,Paid,0.0
1622,215,2025-05-01,2800,0.0,Pending,2800.0
1623,215,2025-06-01,2800,2800.0,Paid,0.0
1624,215,2025-07-01,2800,2800.0,Paid,0.0
1625,215,2025-08-01,2800,2800.0,Paid,0.0
1626,215,2025-09-01,2800,2800.0,Paid,0.0
1627,215,2025-10-01,2800,0.0,Pending,2800.0
1628,215,2025-11-01,2800,2800.0,Paid,0.0
1629,215,2025-12-01,2800,2800.0,Paid,0.0
1630,216,2025-01-01,3000,1458.72,Partial,1541.28
1631,216,2025-02-01,3000,3000.0,Paid,0.0
1632,216,2025-03-01,3000,3000.0,Paid,0.0
1633,216,2025-04-01,3000,3000.0,Paid,0.0
1634,216,2025-05-01,3000,3000.0,Paid,0.0
1635,216,2025-06-01,3000,3000.0,Paid,0.0
1636,216,2025-07-01,3000,1123.87,Partial,1876.13
1637,216,2025-08-01,3000,3000.0,Paid,0.0
1638,216,2025-09-01,3000,3000.0,Paid,0.0
1639,216,2025-10-01,3000,0.0,Pending,3000.0
1640,216,2025-11-01,3000,3000.0,Paid,0.0
1641,216,2025-12-01,3000,3000.0,Paid,0.0
1642,217,2025-02-01,3000,3000.0,Paid,0.0
1643,217,2025-03-01,3000,3000.0,Paid,0.0
1644,217,2025-04-01,3000,3000.0,Paid,0.0
1645,217,2025-05-01,3000,1870.86,Partial,1129.14
1646,217,2025-06-01,3000,3000.0,Paid,0.0
1647,217,2025-07-01,3000,3000.0,Paid,0.0
1648,217,2025-08-01,3000,3000.0,Paid,0.0
1649,217,2025-09-01,3000,3000.0,Paid,0.0
1650,217,2025-10-01,3000,2154.71,Partial,845.29
1651,217,2025-11-01,3000,3000.0,Paid,0.0
1652,217,2025-12-01,3000,3000.0,Paid,0.0
1653,218,2025-08-01,2800,2800.0,Paid,0.0
1654,218,2025-09-01,2800,2800.0,Paid,0.0
1655,218,2025-10-01,2800,2800.0,Paid,0.0
1656,218,2025-11-01,2800,2800.0,Paid,0.0
1657,218,2025-12-01,2800,2800.0,Paid,0.0
1658,219,2025-07-01,3200,3200.0,Paid,0.0
1659,219,2025-08-01,3200,3200.0,Paid,0.0
1660,219,2025-09-01,3200,3200.0,Paid,0.0
1661,219,2025-10-01,3200,1762.4,Partial,1437.6
1662,219,2025-11-01,3200,3200.0,Paid,0.0
1663,219,2025-12-01,3200,3200.0,Paid,0.0
1664,220,2025-05-01,3000,1602.11,Partial,1397.89
1665,220,2025-06-01,3000,3000.0,Paid,0.0
1666,220,2025-07-01,3000,3000.0,Paid,0.0
1667,220,2025-08-01,3000,3000.0,Paid,0.0
1668,220,2025-09-01,3000,3000.0,Paid,0.0
1669,220,2025-10-01,3000,0.0,Pending,3000.0
1670,220,2025-11-01,3000,3000.0,Paid,0.0
1671,220,2025-12-01,3000,3000.0,Paid,0.0
1672,221,2025-03-01,2800,2800.0,Paid,0.0
1673,221,2025-04-01,2800,1593.97,Partial,1206.03
1674,221,2025-05-01,2800,1321.54,Partial,1478.46
1675,221,2025-06-01,2800,2800.0,Paid,0.0
1676,221,2025-07-01,2800,2800.0,Paid,0.0
1677,221,2025-08-01,2800,2800.0,Paid,0.0
1678,221,2025-09-01,2800,2800.0,Paid,0.0
1679,221,2025-10-01,2800,2800.0,Paid,0.0
1680,221,2025-11-01,2800,2800.0,Paid,0.0
1681,221,2025-12-01,2800,2800.0,Paid,0.0
1682,222,2025-04-01,3000,0.0,Pending,3000.0
1683,222,2025-05-01,3000,3000.0,Paid,0.0
1684,222,2025-06-01,3000,3000.0,Paid,0.0
1685,222,2025-07-01,3000,3000.0,Paid,0.0
1686,222,2025-08-01,3000,3000.0,Paid,0.0
1687,222,2025-09-01,3000,2044.86,Partial,955.1400000000001
1688,222,2025-10-01,3000,3000.0,Paid,0.0
1689,222,2025-11-01,3000,3000.0,Paid,0.0
1690,222,2025-12-01,3000,3000.0,Paid,0.0
1691,223,2025-07-01,2800,981.68,Partial,1818.3200000000002
1692,223,2025-08-01,2800,2800.0,Paid,0.0
1693,223,2025-09-01,2800,2800.0,Paid,0.0
1694,223,2025-10-01,2800,2800.0,Paid,0.0
1695,223,2025-11-01,2800,0.0,Pending,2800.0
1696,223,2025-12-01,2800,0.0,Pending,2800.0
1697,224,2025-02-01,2800,2800.0,Paid,0.0
1698,224,2025-03-01,2800,0.0,Pending,2800.0
1699,224,2025-04-01,2800,2800.0,Paid,0.0
1700,224,2025-05-01,2800,1084.74,Partial,1715.26
1701,224,2025-06-01,2800,2800.0,Paid,0.0
1702,224,2025-07-01,2800,2800.0,Paid,0.0
1703,224,2025-08-01,2800,1104.41,Partial,1695.59
1704,224,2025-09-01,2800,2800.0,Paid,0.0
1705,224,2025-10-01,2800,2800.0,Paid,0.0
1706,224,2025-11-01,2800,2800.0,Paid,0.0
1707,224,2025-12-01,2800,1147.8,Partial,1652.2
1708,225,2025-07-01,3000,3000.0,Paid,0.0
1709,225,2025-08-01,3000,3000.0,Paid,0.0
1710,225,2025-09-01,3000,3000.0,Paid,0.0
1711,225,2025-10-01,3000,3000.0,Paid,0.0
1712,225,2025-11-01,3000,1227.61,Partial,1772.39
1713,225,2025-12-01,3000,1805.03,Partial,1194.97
1714,226,2025-06-01,3200,3200.0,Paid,0.0
1715,226,2025-07-01,3200,3200.0,Paid,0.0
1716,226,2025-08-01,3200,3200.0,Paid,0.0
1717,226,2025-09-01,3200,3200.0,Paid,0.0
1718,226,2025-10-01,3200,3200.0,Paid,0.0
1719,226,2025-11-01,3200,3200.0,Paid,0.0
1720,226,2025-12-01,3200,3200.0,Paid,0.0
1721,228,2025-01-01,3200,3200.0,Paid,0.0
1722,228,2025-02-01,3200,3200.0,Paid,0.0
1723,228,2025-03-01,3200,3200.0,Paid,0.0
1724,228,2025-04-01,3200,0.0,Pending,3200.0
1725,228,2025-05-01,3200,3200.0,Paid,0.0
1726,228,2025-06-01,3200,3200.0,Paid,0.0
1727,228,2025-07-01,3200,2147.32,Partial,1052.6799999999998
1728,228,2025-08-01,3200,3200.0,Paid,0.0
1729,228,2025-09-01,3200,3200.0,Paid,0.0
1730,228,2025-10-01,3200,3200.0,Paid,0.0
1731,228,2025-11-01,3200,3200.0,Paid,0.0
1732,228,2025-12-01,3200,3200.0,Paid,0.0
1733,229,2025-01-01,2800,0.0,Pending,2800.0
1734,229,2025-02-01,2800,2800.0,Paid,0.0
1735,229,2025-03-01,2800,2800.0,Paid,0.0
1736,229,2025-04-01,2800,2800.0,Paid,0.0
1737,229,2025-05-01,2800,0.0,Pending,2800.0
1738,229,2025-06-01,2800,2800.0,Paid,0.0
1739,229,2025-07-01,2800,2800.0,Paid,0.0
1740,229,2025-08-01,2800,0.0,Pending,2800.0
1741,229,2025-09-01,2800,2800.0,Paid,0.0
1742,229,2025-10-01,2800,2800.0,Paid,0.0
1743,229,2025-11-01,2800,2800.0,Paid,0.0
1744,229,2025-12-01,2800,2800.0,Paid,0.0
1745,230,2025-01-01,3200,2394.44,Partial,805.56
1746,230,2025-02-01,3200,3200.0,Paid,0.0
1747,230,2025-03-01,3200,3200.0,Paid,0.0
1748,230,2025-04-01,3200,3200.0,Paid,0.0
1749,230,2025-05-01,3200,3200.0,Paid,0.0
1750,230,2025-06-01,3200,3200.0,Paid,0.0
1751,230,2025-07-01,3200,1446.54,Partial,1753.46
1752,230,2025-08-01,3200,0.0,Pending,3200.0
1753,230,2025-09-01,3200,3200.0,Paid,0.0
1754,230,2025-10-01,3200,3200.0,Paid,0.0
1755,230,2025-11-01,3200,3200.0,Paid,0.0
1756,230,2025-12-01,3200,3200.0,Paid,0.0
